Header_Length,Protocol Type,Time_To_Live,Rate,fin_flag_number,syn_flag_number,rst_flag_number,psh_flag_number,ack_flag_number,ece_flag_number,cwr_flag_number,ack_count,syn_count,fin_count,rst_count,HTTP,HTTPS,DNS,Telnet,SMTP,SSH,IRC,TCP,UDP,DHCP,ARP,ICMP,IGMP,IPv,LLC,Tot sum,Min,Max,AVG,Std,Tot size,IAT,Number,Variance
20.0,6,193.5,1.267349823661084,0.0,0.0,0.0,0.7,1.0,0.0,0.0,10,0,0,0,0.0,0.0,0.0,0.0,0.0,0.0,0.0,1.0,0.0,0.0,0.0,0.0,0.0,1.0,1.0,1097,54,191,109.7,69.34623277439086,109.7,0.7890481233596802,10,4808.9
20.0,6,173.0,0.4979186514500586,0.0,0.0,0.0,0.7,1.0,0.0,0.0,10,0,0,0,0.0,0.0,0.0,0.0,0.0,0.0,0.0,1.0,0.0,0.0,0.0,0.0,0.0,1.0,1.0,964,54,190,96.4,64.61372403238597,96.4,2.0143410921096803,10,4174.9333333333325
20.0,6,193.5,0.4985120659760592,0.0,0.0,0.0,0.6,1.0,0.0,0.0,10,0,0,0,0.0,0.0,0.0,0.0,0.0,0.0,0.0,1.0,0.0,0.0,0.0,0.0,0.0,1.0,1.0,960,54,190,96.0,64.88964991943374,96.0,2.0163137912750244,10,4210.666666666667
20.0,6,193.5,0.8119315632727212,0.0,0.0,0.0,0.7,1.0,0.0,0.0,10,0,0,0,0.0,0.0,0.0,0.0,0.0,0.0,0.0,1.0,0.0,0.0,0.0,0.0,0.0,1.0,1.0,1097,54,191,109.7,69.34623277439084,109.7,1.881214499473572,10,4808.899999999999
20.0,6,173.0,0.6403144024224174,0.0,0.0,0.0,0.7,1.0,0.0,0.0,10,0,0,0,0.0,0.0,0.0,0.0,0.0,0.0,0.0,1.0,0.0,0.0,0.0,0.0,0.0,1.0,1.0,964,54,190,96.4,64.61372403238597,96.4,1.5677335023880006,10,4174.9333333333325
20.0,6,193.5,0.4964117088477743,0.0,0.0,0.0,0.6,1.0,0.0,0.0,10,0,0,0,0.0,0.0,0.0,0.0,0.0,0.0,0.0,1.0,0.0,0.0,0.0,0.0,0.0,1.0,1.0,960,54,190,96.0,64.88964991943374,96.0,2.021242308616638,10,4210.666666666667
20.0,6,193.5,0.6302232502467594,0.0,0.0,0.0,0.7,1.0,0.0,0.0,10,0,0,0,0.0,0.0,0.0,0.0,0.0,0.0,0.0,1.0,0.0,0.0,0.0,0.0,0.0,1.0,1.0,1097,54,191,109.7,69.34623277439086,109.7,2.231305384635925,10,4808.9
20.0,6,173.0,0.9963680337655436,0.0,0.0,0.0,0.7,1.0,0.0,0.0,10,0,0,0,0.0,0.0,0.0,0.0,0.0,0.0,0.0,1.0,0.0,0.0,0.0,0.0,0.0,1.0,1.0,964,54,190,96.4,64.61372403238597,96.4,1.010456109046936,10,4174.9333333333325
22.8,6,152.5,4.04119134241845,0.1,0.2,0.0,0.2,0.9,0.0,0.0,9,2,1,0,0.6,0.0,0.0,0.0,0.0,0.0,0.0,1.0,0.0,0.0,0.0,0.0,0.0,1.0,1.0,1300,54,568,130.0,168.0714133932359,130.0,0.2684546947479248,10,28248.0
21.6,6,173.0,3.583530623979549,0.3,0.2,0.0,0.0,0.9,0.0,0.0,9,2,3,0,0.5,0.0,0.0,0.0,0.0,0.0,0.0,1.0,0.0,0.0,0.0,0.0,0.0,1.0,1.0,556,54,62,55.6,3.3730961708462712,55.6,0.3011175155639648,10,11.377777777777776
20.0,6,152.5,7.0963919306641055,0.0,0.0,0.0,0.8,1.0,0.0,0.0,10,0,0,0,0.0,0.0,0.0,0.0,0.0,0.0,0.0,1.0,0.0,0.0,0.0,0.0,0.0,1.0,1.0,747,54,110,74.7,20.254217667768195,74.7,0.1411497831344604,10,410.23333333333335
20.0,6,173.0,0.849257907877827,0.0,0.0,0.0,0.7,1.0,0.0,0.0,10,0,0,0,0.0,0.0,0.0,0.0,0.0,0.0,0.0,1.0,0.0,0.0,0.0,0.0,0.0,1.0,1.0,871,54,190,87.1,55.57667376396924,87.1,1.192264699935913,10,3088.766666666667
20.0,6,173.0,0.4949908176063191,0.0,0.0,0.0,0.7,1.0,0.0,0.0,10,0,0,0,0.0,0.0,0.0,0.0,0.0,0.0,0.0,1.0,0.0,0.0,0.0,0.0,0.0,1.0,1.0,964,54,190,96.4,64.61372403238597,96.4,2.02615020275116,10,4174.9333333333325
20.0,6,193.5,0.8126742102193951,0.0,0.0,0.0,0.6,1.0,0.0,0.0,10,0,0,0,0.0,0.0,0.0,0.0,0.0,0.0,0.0,1.0,0.0,0.0,0.0,0.0,0.0,1.0,1.0,961,54,191,96.1,65.05117643483133,96.1,1.2392234086990357,10,4231.655555555555
20.0,6,193.5,0.4997828235211016,0.0,0.0,0.0,0.7,1.0,0.0,0.0,10,0,0,0,0.0,0.0,0.0,0.0,0.0,0.0,0.0,1.0,0.0,0.0,0.0,0.0,0.0,1.0,1.0,1096,54,190,109.6,69.21656834409904,109.6,2.213873291015625,10,4790.933333333334
20.0,6,173.0,0.4989005713508139,0.0,0.0,0.0,0.7,1.0,0.0,0.0,10,0,0,0,0.0,0.0,0.0,0.0,0.0,0.0,0.0,1.0,0.0,0.0,0.0,0.0,0.0,1.0,1.0,964,54,190,96.4,64.61372403238597,96.4,2.0103491067886354,10,4174.9333333333325
20.0,6,193.5,0.631202708563289,0.0,0.0,0.0,0.6,1.0,0.0,0.0,10,0,0,0,0.0,0.0,0.0,0.0,0.0,0.0,0.0,1.0,0.0,0.0,0.0,0.0,0.0,1.0,1.0,961,54,191,96.1,65.05117643483133,96.1,1.5876657009124755,10,4231.655555555555
20.0,6,193.5,0.6398087680946436,0.0,0.0,0.0,0.7,1.0,0.0,0.0,10,0,0,0,0.0,0.0,0.0,0.0,0.0,0.0,0.0,1.0,0.0,0.0,0.0,0.0,0.0,1.0,1.0,1096,54,190,109.6,69.21656834409904,109.6,1.656036901473999,10,4790.933333333334
20.0,6,173.0,0.4969160619851341,0.0,0.0,0.0,0.7,1.0,0.0,0.0,10,0,0,0,0.0,0.0,0.0,0.0,0.0,0.0,0.0,1.0,0.0,0.0,0.0,0.0,0.0,1.0,1.0,964,54,190,96.4,64.61372403238597,96.4,2.0182554006576536,10,4174.9333333333325
20.0,6,193.5,0.5003302190611162,0.0,0.0,0.0,0.6,1.0,0.0,0.0,10,0,0,0,0.0,0.0,0.0,0.0,0.0,0.0,0.0,1.0,0.0,0.0,0.0,0.0,0.0,1.0,1.0,960,54,190,96.0,64.88964991943374,96.0,2.0135525941848758,10,4210.666666666667
20.0,6,193.5,0.991852524442344,0.0,0.0,0.0,0.7,1.0,0.0,0.0,10,0,0,0,0.0,0.0,0.0,0.0,0.0,0.0,0.0,1.0,0.0,0.0,0.0,0.0,0.0,1.0,1.0,1097,54,191,109.7,69.34623277439086,109.7,1.4495525121688844,10,4808.9
22.8,6,152.5,3.547665358788962,0.1,0.2,0.0,0.2,0.9,0.0,0.0,9,2,1,0,0.5,0.0,0.0,0.0,0.0,0.0,0.0,1.0,0.0,0.0,0.0,0.0,0.0,1.0,1.0,790,54,272,79.0,67.95586803212802,79.0,0.2879652976989746,10,4618.0
21.6,6,152.5,3.483001295775228,0.3,0.2,0.0,0.1,0.9,0.0,0.0,9,2,3,0,0.6,0.0,0.0,0.0,0.0,0.0,0.0,1.0,0.0,0.0,0.0,0.0,0.0,1.0,1.0,1070,54,568,107.0,162.01303102597095,107.0,0.2871285915374756,10,26248.222222222223
20.0,6,173.0,8.332660848530795,0.0,0.0,0.0,0.7,1.0,0.0,0.0,10,0,0,0,0.0,0.0,0.0,0.0,0.0,0.0,0.0,1.0,0.0,0.0,0.0,0.0,0.0,1.0,1.0,716,54,110,71.6,20.86570817819941,71.6,0.12026948928833,10,435.37777777777774
20.0,6,173.0,0.8912840417298947,0.0,0.0,0.0,0.7,1.0,0.0,0.0,10,0,0,0,0.0,0.0,0.0,0.0,0.0,0.0,0.0,1.0,0.0,0.0,0.0,0.0,0.0,1.0,1.0,897,54,190,89.7,54.71755761280936,89.7,1.1293421983718872,10,2994.0111111111114
20.0,6,173.0,0.4981186812972782,0.0,0.0,0.0,0.7,1.0,0.0,0.0,10,0,0,0,0.0,0.0,0.0,0.0,0.0,0.0,0.0,1.0,0.0,0.0,0.0,0.0,0.0,1.0,1.0,964,54,190,96.4,64.61372403238597,96.4,2.0142997026443483,10,4174.9333333333325
20.0,6,193.5,0.814684135823214,0.0,0.0,0.0,0.6,1.0,0.0,0.0,10,0,0,0,0.0,0.0,0.0,0.0,0.0,0.0,0.0,1.0,0.0,0.0,0.0,0.0,0.0,1.0,1.0,961,54,191,96.1,65.05117643483133,96.1,1.2482264995574952,10,4231.655555555555
20.0,6,193.5,0.4980955579200514,0.0,0.0,0.0,0.7,1.0,0.0,0.0,10,0,0,0,0.0,0.0,0.0,0.0,0.0,0.0,0.0,1.0,0.0,0.0,0.0,0.0,0.0,1.0,1.0,1096,54,190,109.6,69.21656834409904,109.6,2.2119840145111085,10,4790.933333333334
20.0,6,173.0,0.4984084348360914,0.0,0.0,0.0,0.7,1.0,0.0,0.0,10,0,0,0,0.0,0.0,0.0,0.0,0.0,0.0,0.0,1.0,0.0,0.0,0.0,0.0,0.0,1.0,1.0,964,54,190,96.4,64.61372403238597,96.4,2.012421989440918,10,4174.9333333333325
20.0,6,193.5,0.5594288818492743,0.0,0.0,0.0,0.6,1.0,0.0,0.0,10,0,0,0,0.0,0.0,0.0,0.0,0.0,0.0,0.0,1.0,0.0,0.0,0.0,0.0,0.0,1.0,1.0,961,54,191,96.1,65.05117643483133,96.1,1.812731909751892,10,4231.655555555555
20.0,6,193.5,0.6395592490551097,0.0,0.0,0.0,0.7,1.0,0.0,0.0,10,0,0,0,0.0,0.0,0.0,0.0,0.0,0.0,0.0,1.0,0.0,0.0,0.0,0.0,0.0,1.0,1.0,1096,54,190,109.6,69.21656834409904,109.6,1.6467700004577637,10,4790.933333333334
20.0,6,173.0,0.4970916203585627,0.0,0.0,0.0,0.7,1.0,0.0,0.0,10,0,0,0,0.0,0.0,0.0,0.0,0.0,0.0,0.0,1.0,0.0,0.0,0.0,0.0,0.0,1.0,1.0,964,54,190,96.4,64.61372403238597,96.4,2.0175561904907227,10,4174.9333333333325
20.0,6,193.5,0.4983701068524784,0.0,0.0,0.0,0.6,1.0,0.0,0.0,10,0,0,0,0.0,0.0,0.0,0.0,0.0,0.0,0.0,1.0,0.0,0.0,0.0,0.0,0.0,1.0,1.0,960,54,190,96.0,64.88964991943374,96.0,2.018341398239136,10,4210.666666666667
18.8,6,193.5,0.9823400750220148,0.0,0.0,0.0,0.6,0.9,0.0,0.0,9,0,0,0,0.0,0.0,0.1,0.0,0.0,0.0,0.0,0.9,0.1,0.0,0.0,0.0,0.0,1.0,1.0,980,54,191,98.0,63.953107821277925,98.0,1.241050410270691,10,4090.0
20.4,6,133.4,21.37227146218748,0.2,0.2,0.0,0.2,0.8,0.0,0.0,8,2,2,0,0.6,0.0,0.1,0.0,0.0,0.0,0.0,0.9,0.1,0.0,0.0,0.0,0.0,1.0,1.0,1323,54,568,132.3,167.25366629431144,132.3,0.0479331970214843,10,27973.78888888889
21.6,6,173.0,3.82968609715613,0.3,0.2,0.0,0.0,0.9,0.0,0.0,9,2,3,0,0.5,0.0,0.0,0.0,0.0,0.0,0.0,1.0,0.0,0.0,0.0,0.0,0.0,1.0,1.0,556,54,62,55.6,3.3730961708462712,55.6,0.2663175106048584,10,11.377777777777776
20.0,6,152.5,7.9952984799930915,0.0,0.0,0.0,0.8,1.0,0.0,0.0,10,0,0,0,0.0,0.0,0.0,0.0,0.0,0.0,0.0,1.0,0.0,0.0,0.0,0.0,0.0,1.0,1.0,747,54,110,74.7,20.254217667768195,74.7,0.1251052856445312,10,410.23333333333335
20.0,6,173.0,0.894863238580429,0.0,0.0,0.0,0.7,1.0,0.0,0.0,10,0,0,0,0.0,0.0,0.0,0.0,0.0,0.0,0.0,1.0,0.0,0.0,0.0,0.0,0.0,1.0,1.0,870,54,190,87.0,55.63372278673351,87.0,1.1290441036224366,10,3095.1111111111118
20.0,6,193.5,0.50247728866039,0.0,0.0,0.0,0.6,1.0,0.0,0.0,10,0,0,0,0.0,0.0,0.0,0.0,0.0,0.0,0.0,1.0,0.0,0.0,0.0,0.0,0.0,1.0,1.0,960,54,190,96.0,64.88964991943374,96.0,2.029887008666992,10,4210.666666666667
20.0,6,173.0,1.2375920399742173,0.0,0.0,0.0,0.8,1.0,0.0,0.0,10,0,0,0,0.0,0.0,0.0,0.0,0.0,0.0,0.0,1.0,0.0,0.0,0.0,0.0,0.0,1.0,1.0,1101,54,191,110.1,68.99991948465511,110.1,1.463316798210144,10,4760.988888888888
20.0,6,193.5,0.5584813114992289,0.0,0.0,0.0,0.6,1.0,0.0,0.0,10,0,0,0,0.0,0.0,0.0,0.0,0.0,0.0,0.0,1.0,0.0,0.0,0.0,0.0,0.0,1.0,1.0,960,54,190,96.0,64.88964991943374,96.0,1.8117938041687007,10,4210.666666666667
20.0,6,193.5,0.4973045061486285,0.0,0.0,0.0,0.7,1.0,0.0,0.0,10,0,0,0,0.0,0.0,0.0,0.0,0.0,0.0,0.0,1.0,0.0,0.0,0.0,0.0,0.0,1.0,1.0,1096,54,190,109.6,69.21656834409904,109.6,2.6515790939331056,10,4790.933333333334
20.0,6,173.0,0.7237173544350383,0.0,0.0,0.0,0.7,1.0,0.0,0.0,10,0,0,0,0.0,0.0,0.0,0.0,0.0,0.0,0.0,1.0,0.0,0.0,0.0,0.0,0.0,1.0,1.0,965,54,191,96.5,64.77525247602925,96.5,1.3877503871917725,10,4195.833333333333
20.0,6,193.5,0.5612770560360665,0.0,0.0,0.0,0.7,1.0,0.0,0.0,10,0,0,0,0.0,0.0,0.0,0.0,0.0,0.0,0.0,1.0,0.0,0.0,0.0,0.0,0.0,1.0,1.0,1096,54,190,109.6,69.21656834409904,109.6,1.8660802125930789,10,4790.933333333334
20.0,6,173.0,0.4958890303014711,0.0,0.0,0.0,0.7,1.0,0.0,0.0,10,0,0,0,0.0,0.0,0.0,0.0,0.0,0.0,0.0,1.0,0.0,0.0,0.0,0.0,0.0,1.0,1.0,964,54,190,96.4,64.61372403238597,96.4,2.0225229978561403,10,4174.9333333333325
20.0,6,193.5,0.4910608523484348,0.0,0.0,0.0,0.7,1.0,0.0,0.0,10,0,0,0,0.0,0.0,0.0,0.0,0.0,0.0,0.0,1.0,0.0,0.0,0.0,0.0,0.0,1.0,1.0,1097,54,191,109.7,69.34623277439086,109.7,2.0430137872695924,10,4808.9
20.8,6,193.5,0.808971160088958,0.1,0.1,0.0,0.5,0.9,0.0,0.0,9,1,1,0,0.1,0.0,0.0,0.0,0.0,0.0,0.0,1.0,0.0,0.0,0.0,0.0,0.0,1.0,1.0,832,54,190,83.2,56.34970176397466,83.2,1.2423287153244018,10,3175.288888888889
20.8,6,152.5,4.308883237727713,0.2,0.1,0.0,0.2,1.0,0.0,0.0,10,1,2,0,0.7,0.0,0.0,0.0,0.0,0.0,0.0,1.0,0.0,0.0,0.0,0.0,0.0,1.0,1.0,1280,54,568,128.0,168.9917815227185,128.0,0.2323652982711792,10,28558.222222222223
21.6,6,152.5,10.792387929663638,0.1,0.2,0.0,0.2,0.9,0.0,0.0,9,2,1,0,0.3,0.0,0.0,0.0,0.0,0.0,0.0,1.0,0.0,0.0,0.0,0.0,0.0,1.0,1.0,616,54,110,61.6,17.32820436937038,61.6,0.0929553031921386,10,300.2666666666667
20.0,6,152.5,25.09430022549729,0.0,0.0,0.0,0.9,1.0,0.0,0.0,10,0,0,0,0.0,0.0,0.0,0.0,0.0,0.0,0.0,1.0,0.0,0.0,0.0,0.0,0.0,1.0,1.0,737,54,96,73.7,17.21143031050393,73.7,0.1327854871749877,10,296.2333333333333
20.0,6,193.5,0.5612609905811469,0.0,0.0,0.0,0.6,1.0,0.0,0.0,10,0,0,0,0.0,0.0,0.0,0.0,0.0,0.0,0.0,1.0,0.0,0.0,0.0,0.0,0.0,1.0,1.0,960,54,190,96.0,64.88964991943374,96.0,1.798887801170349,10,4210.666666666667
20.0,6,193.5,0.5585461933894071,0.0,0.0,0.0,0.7,1.0,0.0,0.0,10,0,0,0,0.0,0.0,0.0,0.0,0.0,0.0,0.0,1.0,0.0,0.0,0.0,0.0,0.0,1.0,1.0,1097,54,191,109.7,69.34623277439086,109.7,2.4387019157409666,10,4808.9
20.0,6,173.0,0.9955585026128906,0.0,0.0,0.0,0.7,1.0,0.0,0.0,10,0,0,0,0.0,0.0,0.0,0.0,0.0,0.0,0.0,1.0,0.0,0.0,0.0,0.0,0.0,1.0,1.0,964,54,190,96.4,64.61372403238597,96.4,1.0101831912994386,10,4174.9333333333325
20.0,6,193.5,0.4969224849645342,0.0,0.0,0.0,0.6,1.0,0.0,0.0,10,0,0,0,0.0,0.0,0.0,0.0,0.0,0.0,0.0,1.0,0.0,0.0,0.0,0.0,0.0,1.0,1.0,960,54,190,96.0,64.88964991943374,96.0,2.034357786178589,10,4210.666666666667
20.0,6,193.5,0.4980129311309554,0.0,0.0,0.0,0.7,1.0,0.0,0.0,10,0,0,0,0.0,0.0,0.0,0.0,0.0,0.0,0.0,1.0,0.0,0.0,0.0,0.0,0.0,1.0,1.0,1096,54,190,109.6,69.21656834409904,109.6,2.648330807685852,10,4790.933333333334
20.0,6,173.0,1.240838422921695,0.0,0.0,0.0,0.7,1.0,0.0,0.0,10,0,0,0,0.0,0.0,0.0,0.0,0.0,0.0,0.0,1.0,0.0,0.0,0.0,0.0,0.0,1.0,1.0,965,54,191,96.5,64.77525247602925,96.5,0.8116446971893311,10,4195.833333333333
20.0,6,193.5,0.4968690044495102,0.0,0.0,0.0,0.6,1.0,0.0,0.0,10,0,0,0,0.0,0.0,0.0,0.0,0.0,0.0,0.0,1.0,0.0,0.0,0.0,0.0,0.0,1.0,1.0,960,54,190,96.0,64.88964991943374,96.0,2.0171061038970945,10,4210.666666666667
20.0,6,173.0,0.7204823260664599,0.0,0.0,0.0,0.7,1.0,0.0,0.0,10,0,0,0,0.0,0.0,0.0,0.0,0.0,0.0,0.0,1.0,0.0,0.0,0.0,0.0,0.0,1.0,1.0,964,54,190,96.4,64.61372403238597,96.4,2.032274508476257,10,4174.933333333333
20.0,6,193.5,0.6400225300899798,0.0,0.0,0.0,0.6,1.0,0.0,0.0,10,0,0,0,0.0,0.0,0.0,0.0,0.0,0.0,0.0,1.0,0.0,0.0,0.0,0.0,0.0,1.0,1.0,961,54,191,96.1,65.05117643483133,96.1,1.562570285797119,10,4231.655555555555
18.8,6,193.5,0.872757006436543,0.0,0.0,0.0,0.6,0.9,0.0,0.0,9,0,0,0,0.0,0.0,0.1,0.0,0.0,0.0,0.0,0.9,0.1,0.0,0.0,0.0,0.0,1.0,1.0,979,54,190,97.9,63.7921102749653,97.9,1.2358415126800537,10,4069.433333333333
18.0,6,155.3,31.73130360510781,0.1,0.2,0.0,0.1,0.6,0.0,0.0,6,2,1,0,0.5,0.0,0.3,0.0,0.0,0.0,0.0,0.7,0.3,0.0,0.0,0.0,0.0,1.0,1.0,863,54,272,86.3,66.69174528297253,86.3,0.0393928050994873,10,4447.788888888888
21.6,6,152.5,3.5381095700276863,0.3,0.2,0.0,0.1,0.9,0.0,0.0,9,2,3,0,0.6,0.0,0.0,0.0,0.0,0.0,0.0,1.0,0.0,0.0,0.0,0.0,0.0,1.0,1.0,1070,54,568,107.0,162.01303102597095,107.0,0.2901660919189453,10,26248.222222222223
20.0,6,173.0,7.898177016690234,0.0,0.0,0.0,0.7,1.0,0.0,0.0,10,0,0,0,0.0,0.0,0.0,0.0,0.0,0.0,0.0,1.0,0.0,0.0,0.0,0.0,0.0,1.0,1.0,716,54,110,71.6,20.86570817819941,71.6,0.1271996974945068,10,435.37777777777774
20.0,6,173.0,0.8880627252906781,0.0,0.0,0.0,0.7,1.0,0.0,0.0,10,0,0,0,0.0,0.0,0.0,0.0,0.0,0.0,0.0,1.0,0.0,0.0,0.0,0.0,0.0,1.0,1.0,897,54,190,89.7,54.71755761280936,89.7,1.1323705911636353,10,2994.0111111111114
20.0,6,173.0,0.4974576171981951,0.0,0.0,0.0,0.7,1.0,0.0,0.0,10,0,0,0,0.0,0.0,0.0,0.0,0.0,0.0,0.0,1.0,0.0,0.0,0.0,0.0,0.0,1.0,1.0,964,54,190,96.4,64.61372403238597,96.4,2.0162512063980103,10,4174.9333333333325
20.0,6,193.5,0.81742962624229,0.0,0.0,0.0,0.6,1.0,0.0,0.0,10,0,0,0,0.0,0.0,0.0,0.0,0.0,0.0,0.0,1.0,0.0,0.0,0.0,0.0,0.0,1.0,1.0,961,54,191,96.1,65.05117643483133,96.1,1.2406312942504882,10,4231.655555555555
20.0,6,193.5,0.4989321140478049,0.0,0.0,0.0,0.7,1.0,0.0,0.0,10,0,0,0,0.0,0.0,0.0,0.0,0.0,0.0,0.0,1.0,0.0,0.0,0.0,0.0,0.0,1.0,1.0,1096,54,190,109.6,69.21656834409904,109.6,2.2179908990859984,10,4790.933333333334
20.0,6,173.0,0.4979134203190957,0.0,0.0,0.0,0.7,1.0,0.0,0.0,10,0,0,0,0.0,0.0,0.0,0.0,0.0,0.0,0.0,1.0,0.0,0.0,0.0,0.0,0.0,1.0,1.0,964,54,190,96.4,64.61372403238597,96.4,2.014350700378418,10,4174.9333333333325
20.0,6,193.5,0.6401633913123548,0.0,0.0,0.0,0.6,1.0,0.0,0.0,10,0,0,0,0.0,0.0,0.0,0.0,0.0,0.0,0.0,1.0,0.0,0.0,0.0,0.0,0.0,1.0,1.0,961,54,191,96.1,65.05117643483133,96.1,1.5799286127090455,10,4231.655555555555
20.0,6,193.5,0.6391507572991318,0.0,0.0,0.0,0.7,1.0,0.0,0.0,10,0,0,0,0.0,0.0,0.0,0.0,0.0,0.0,0.0,1.0,0.0,0.0,0.0,0.0,0.0,1.0,1.0,1096,54,190,109.6,69.21656834409904,109.6,1.6643349885940553,10,4790.933333333334
20.0,6,173.0,0.4976414525169969,0.0,0.0,0.0,0.7,1.0,0.0,0.0,10,0,0,0,0.0,0.0,0.0,0.0,0.0,0.0,0.0,1.0,0.0,0.0,0.0,0.0,0.0,1.0,1.0,964,54,190,96.4,64.61372403238597,96.4,2.0154810190200805,10,4174.9333333333325
20.0,6,193.5,0.4959616054686245,0.0,0.0,0.0,0.6,1.0,0.0,0.0,10,0,0,0,0.0,0.0,0.0,0.0,0.0,0.0,0.0,1.0,0.0,0.0,0.0,0.0,0.0,1.0,1.0,960,54,190,96.0,64.88964991943374,96.0,2.024096894264221,10,4210.666666666667
20.0,6,193.5,0.9957341794197184,0.0,0.0,0.0,0.7,1.0,0.0,0.0,10,0,0,0,0.0,0.0,0.0,0.0,0.0,0.0,0.0,1.0,0.0,0.0,0.0,0.0,0.0,1.0,1.0,1097,54,191,109.7,69.34623277439086,109.7,1.440325093269348,10,4808.9
21.6,6,152.5,3.6807344367072328,0.1,0.2,0.0,0.3,0.9,0.0,0.0,9,2,1,0,0.6,0.0,0.0,0.0,0.0,0.0,0.0,1.0,0.0,0.0,0.0,0.0,0.0,1.0,1.0,1292,54,568,129.2,168.4285539265174,129.2,0.2776158094406128,10,28368.17777777777
21.6,6,173.0,3.698670665009646,0.3,0.2,0.0,0.0,0.9,0.0,0.0,9,2,3,0,0.5,0.0,0.0,0.0,0.0,0.0,0.0,1.0,0.0,0.0,0.0,0.0,0.0,1.0,1.0,556,54,62,55.6,3.3730961708462712,55.6,0.2900270938873291,10,11.377777777777776
20.0,6,152.5,7.882979505174968,0.0,0.0,0.0,0.8,1.0,0.0,0.0,10,0,0,0,0.0,0.0,0.0,0.0,0.0,0.0,0.0,1.0,0.0,0.0,0.0,0.0,0.0,1.0,1.0,747,54,110,74.7,20.254217667768195,74.7,0.1268838882446289,10,410.23333333333335
20.0,6,173.0,0.8973020655855453,0.0,0.0,0.0,0.7,1.0,0.0,0.0,10,0,0,0,0.0,0.0,0.0,0.0,0.0,0.0,0.0,1.0,0.0,0.0,0.0,0.0,0.0,1.0,1.0,870,54,190,87.0,55.63372278673351,87.0,1.132381010055542,10,3095.1111111111118
20.0,6,193.5,0.4980829294045695,0.0,0.0,0.0,0.6,1.0,0.0,0.0,10,0,0,0,0.0,0.0,0.0,0.0,0.0,0.0,0.0,1.0,0.0,0.0,0.0,0.0,0.0,1.0,1.0,960,54,190,96.0,64.88964991943374,96.0,2.0155617952346803,10,4210.666666666667
20.0,6,193.5,1.2694987027020777,0.0,0.0,0.0,0.7,1.0,0.0,0.0,10,0,0,0,0.0,0.0,0.0,0.0,0.0,0.0,0.0,1.0,0.0,0.0,0.0,0.0,0.0,1.0,1.0,1097,54,191,109.7,69.34623277439086,109.7,1.440665602684021,10,4808.9
20.0,6,173.0,0.4980939194301345,0.0,0.0,0.0,0.7,1.0,0.0,0.0,10,0,0,0,0.0,0.0,0.0,0.0,0.0,0.0,0.0,1.0,0.0,0.0,0.0,0.0,0.0,1.0,1.0,964,54,190,96.4,64.61372403238597,96.4,2.014183497428894,10,4174.9333333333325
20.0,6,193.5,0.496877621775357,0.0,0.0,0.0,0.6,1.0,0.0,0.0,10,0,0,0,0.0,0.0,0.0,0.0,0.0,0.0,0.0,1.0,0.0,0.0,0.0,0.0,0.0,1.0,1.0,960,54,190,96.0,64.88964991943374,96.0,2.0346874952316285,10,4210.666666666667
20.0,6,193.5,0.982824546431462,0.0,0.0,0.0,0.7,1.0,0.0,0.0,10,0,0,0,0.0,0.0,0.0,0.0,0.0,0.0,0.0,1.0,0.0,0.0,0.0,0.0,0.0,1.0,1.0,1097,54,191,109.7,69.34623277439084,109.7,1.656633520126343,10,4808.899999999999
20.0,6,173.0,0.6176422205523563,0.0,0.0,0.0,0.7,1.0,0.0,0.0,10,0,0,0,0.0,0.0,0.0,0.0,0.0,0.0,0.0,1.0,0.0,0.0,0.0,0.0,0.0,1.0,1.0,964,54,190,96.4,64.61372403238597,96.4,1.6249462842941285,10,4174.933333333333
20.0,6,173.0,0.4984985750201904,0.0,0.0,0.0,0.7,1.0,0.0,0.0,10,0,0,0,0.0,0.0,0.0,0.0,0.0,0.0,0.0,1.0,0.0,0.0,0.0,0.0,0.0,1.0,1.0,964,54,190,96.4,64.61372403238597,96.4,2.011858105659485,10,4174.9333333333325
20.0,6,193.5,0.4975066923678136,0.0,0.0,0.0,0.6,1.0,0.0,0.0,10,0,0,0,0.0,0.0,0.0,0.0,0.0,0.0,0.0,1.0,0.0,0.0,0.0,0.0,0.0,1.0,1.0,960,54,190,96.0,64.88964991943374,96.0,2.030937504768372,10,4210.666666666667
20.0,6,193.5,0.9969230965229468,0.0,0.0,0.0,0.7,1.0,0.0,0.0,10,0,0,0,0.0,0.0,0.0,0.0,0.0,0.0,0.0,1.0,0.0,0.0,0.0,0.0,0.0,1.0,1.0,1097,54,191,109.7,69.34623277439086,109.7,1.2125361919403077,10,4808.9
21.6,6,152.5,3.6288855309758814,0.1,0.2,0.0,0.3,0.9,0.0,0.0,9,2,1,0,0.6,0.0,0.0,0.0,0.0,0.0,0.0,1.0,0.0,0.0,0.0,0.0,0.0,1.0,1.0,1292,54,568,129.2,168.4285539265174,129.2,0.2815953969955444,10,28368.17777777777
21.6,6,173.0,3.718670762877801,0.3,0.2,0.0,0.0,0.9,0.0,0.0,9,2,3,0,0.5,0.0,0.0,0.0,0.0,0.0,0.0,1.0,0.0,0.0,0.0,0.0,0.0,1.0,1.0,556,54,62,55.6,3.3730961708462712,55.6,0.2830980062484741,10,11.377777777777776
20.0,6,152.5,7.9975867877391424,0.0,0.0,0.0,0.8,1.0,0.0,0.0,10,0,0,0,0.0,0.0,0.0,0.0,0.0,0.0,0.0,1.0,0.0,0.0,0.0,0.0,0.0,1.0,1.0,747,54,110,74.7,20.254217667768195,74.7,0.1251568078994751,10,410.23333333333335
20.0,6,173.0,0.897747775302955,0.0,0.0,0.0,0.7,1.0,0.0,0.0,10,0,0,0,0.0,0.0,0.0,0.0,0.0,0.0,0.0,1.0,0.0,0.0,0.0,0.0,0.0,1.0,1.0,870,54,190,87.0,55.63372278673351,87.0,1.1321667909622193,10,3095.1111111111118
20.0,6,193.5,0.503081902970283,0.0,0.0,0.0,0.6,1.0,0.0,0.0,10,0,0,0,0.0,0.0,0.0,0.0,0.0,0.0,0.0,1.0,0.0,0.0,0.0,0.0,0.0,1.0,1.0,960,54,190,96.0,64.88964991943374,96.0,2.010539102554321,10,4210.666666666667
20.0,6,193.5,1.2659788820810145,0.0,0.0,0.0,0.7,1.0,0.0,0.0,10,0,0,0,0.0,0.0,0.0,0.0,0.0,0.0,0.0,1.0,0.0,0.0,0.0,0.0,0.0,1.0,1.0,1097,54,191,109.7,69.34623277439086,109.7,1.4528127908706665,10,4808.9
20.0,6,173.0,0.4985409700074458,0.0,0.0,0.0,0.7,1.0,0.0,0.0,10,0,0,0,0.0,0.0,0.0,0.0,0.0,0.0,0.0,1.0,0.0,0.0,0.0,0.0,0.0,1.0,1.0,964,54,190,96.4,64.61372403238597,96.4,2.011848902702332,10,4174.9333333333325
20.0,6,193.5,0.4987987183490764,0.0,0.0,0.0,0.6,1.0,0.0,0.0,10,0,0,0,0.0,0.0,0.0,0.0,0.0,0.0,0.0,1.0,0.0,0.0,0.0,0.0,0.0,1.0,1.0,960,54,190,96.0,64.88964991943374,96.0,2.01263439655304,10,4210.666666666667
20.0,6,193.5,0.8103630385468559,0.0,0.0,0.0,0.7,1.0,0.0,0.0,10,0,0,0,0.0,0.0,0.0,0.0,0.0,0.0,0.0,1.0,0.0,0.0,0.0,0.0,0.0,1.0,1.0,1097,54,191,109.7,69.34623277439084,109.7,1.8916719198226928,10,4808.899999999999
20.0,6,173.0,0.6394249897408236,0.0,0.0,0.0,0.7,1.0,0.0,0.0,10,0,0,0,0.0,0.0,0.0,0.0,0.0,0.0,0.0,1.0,0.0,0.0,0.0,0.0,0.0,1.0,1.0,964,54,190,96.4,64.61372403238597,96.4,1.5699267864227295,10,4174.9333333333325
20.0,6,193.5,0.4954402893435624,0.0,0.0,0.0,0.6,1.0,0.0,0.0,10,0,0,0,0.0,0.0,0.0,0.0,0.0,0.0,0.0,1.0,0.0,0.0,0.0,0.0,0.0,1.0,1.0,960,54,190,96.0,64.88964991943374,96.0,2.030271601676941,10,4210.666666666667
20.0,6,193.5,0.6347663545065387,0.0,0.0,0.0,0.7,1.0,0.0,0.0,10,0,0,0,0.0,0.0,0.0,0.0,0.0,0.0,0.0,1.0,0.0,0.0,0.0,0.0,0.0,1.0,1.0,1097,54,191,109.7,69.34623277439086,109.7,2.224483108520508,10,4808.9
20.0,6,173.0,0.9955047932906036,0.0,0.0,0.0,0.7,1.0,0.0,0.0,10,0,0,0,0.0,0.0,0.0,0.0,0.0,0.0,0.0,1.0,0.0,0.0,0.0,0.0,0.0,1.0,1.0,964,54,190,96.4,64.61372403238597,96.4,1.010558295249939,10,4174.9333333333325
22.8,6,152.5,3.863405626162553,0.1,0.2,0.0,0.2,0.9,0.0,0.0,9,2,1,0,0.6,0.0,0.0,0.0,0.0,0.0,0.0,1.0,0.0,0.0,0.0,0.0,0.0,1.0,1.0,1300,54,568,130.0,168.0714133932359,130.0,0.2696260929107666,10,28248.0
21.6,6,173.0,3.760999273679397,0.3,0.2,0.0,0.0,0.9,0.0,0.0,9,2,3,0,0.5,0.0,0.0,0.0,0.0,0.0,0.0,1.0,0.0,0.0,0.0,0.0,0.0,1.0,1.0,556,54,62,55.6,3.3730961708462712,55.6,0.2833612918853759,10,11.377777777777776
20.0,6,152.5,7.949781643248984,0.0,0.0,0.0,0.8,1.0,0.0,0.0,10,0,0,0,0.0,0.0,0.0,0.0,0.0,0.0,0.0,1.0,0.0,0.0,0.0,0.0,0.0,1.0,1.0,747,54,110,74.7,20.254217667768195,74.7,0.1259110212326049,10,410.23333333333335
20.0,6,173.0,0.8973252553100037,0.0,0.0,0.0,0.7,1.0,0.0,0.0,10,0,0,0,0.0,0.0,0.0,0.0,0.0,0.0,0.0,1.0,0.0,0.0,0.0,0.0,0.0,1.0,1.0,870,54,190,87.0,55.63372278673351,87.0,1.1345783948898316,10,3095.1111111111118
20.0,6,193.5,0.4920705019519083,0.0,0.0,0.0,0.6,1.0,0.0,0.0,10,0,0,0,0.0,0.0,0.0,0.0,0.0,0.0,0.0,1.0,0.0,0.0,0.0,0.0,0.0,1.0,1.0,960,54,190,96.0,64.88964991943374,96.0,2.0335020065307616,10,4210.666666666667
20.0,6,193.5,1.2644690035660324,0.0,0.0,0.0,0.7,1.0,0.0,0.0,10,0,0,0,0.0,0.0,0.0,0.0,0.0,0.0,0.0,1.0,0.0,0.0,0.0,0.0,0.0,1.0,1.0,1097,54,191,109.7,69.34623277439086,109.7,1.4288535833358764,10,4808.9
20.0,6,173.0,0.4983538879313045,0.0,0.0,0.0,0.7,1.0,0.0,0.0,10,0,0,0,0.0,0.0,0.0,0.0,0.0,0.0,0.0,1.0,0.0,0.0,0.0,0.0,0.0,1.0,1.0,964,54,190,96.4,64.61372403238597,96.4,2.012629413604736,10,4174.9333333333325
20.0,6,173.0,0.5545531396472764,0.0,0.0,0.0,0.7,1.0,0.0,0.0,10,0,0,0,0.0,0.0,0.0,0.0,0.0,0.0,0.0,1.0,0.0,0.0,0.0,0.0,0.0,1.0,1.0,964,54,190,96.4,64.61372403238597,96.4,1.8453727960586548,10,4174.9333333333325
20.0,6,193.5,0.559501813220083,0.0,0.0,0.0,0.6,1.0,0.0,0.0,10,0,0,0,0.0,0.0,0.0,0.0,0.0,0.0,0.0,1.0,0.0,0.0,0.0,0.0,0.0,1.0,1.0,961,54,191,96.1,65.05117643483133,96.1,1.807666301727295,10,4231.655555555555
20.0,6,193.5,0.6393303985713571,0.0,0.0,0.0,0.7,1.0,0.0,0.0,10,0,0,0,0.0,0.0,0.0,0.0,0.0,0.0,0.0,1.0,0.0,0.0,0.0,0.0,0.0,1.0,1.0,1096,54,190,109.6,69.21656834409904,109.6,1.657533884048462,10,4790.933333333334
20.0,6,173.0,0.4987718188233401,0.0,0.0,0.0,0.7,1.0,0.0,0.0,10,0,0,0,0.0,0.0,0.0,0.0,0.0,0.0,0.0,1.0,0.0,0.0,0.0,0.0,0.0,1.0,1.0,964,54,190,96.4,64.61372403238597,96.4,2.010844421386719,10,4174.9333333333325
20.0,6,193.5,0.5008280676663055,0.0,0.0,0.0,0.6,1.0,0.0,0.0,10,0,0,0,0.0,0.0,0.0,0.0,0.0,0.0,0.0,1.0,0.0,0.0,0.0,0.0,0.0,1.0,1.0,960,54,190,96.0,64.88964991943374,96.0,2.0143770933151246,10,4210.666666666667
20.0,6,193.5,0.994683901861648,0.0,0.0,0.0,0.7,1.0,0.0,0.0,10,0,0,0,0.0,0.0,0.0,0.0,0.0,0.0,0.0,1.0,0.0,0.0,0.0,0.0,0.0,1.0,1.0,1097,54,191,109.7,69.34623277439086,109.7,1.4491070985794068,10,4808.9
21.6,6,152.5,3.6947078247605702,0.1,0.2,0.0,0.3,0.9,0.0,0.0,9,2,1,0,0.6,0.0,0.0,0.0,0.0,0.0,0.0,1.0,0.0,0.0,0.0,0.0,0.0,1.0,1.0,1292,54,568,129.2,168.4285539265174,129.2,0.2765990972518921,10,28368.17777777777
21.6,6,173.0,3.660640778659784,0.3,0.2,0.0,0.0,0.9,0.0,0.0,9,2,3,0,0.5,0.0,0.0,0.0,0.0,0.0,0.0,1.0,0.0,0.0,0.0,0.0,0.0,1.0,1.0,556,54,62,55.6,3.3730961708462712,55.6,0.2868045091629028,10,11.377777777777776
20.0,6,152.5,8.09121850050147,0.0,0.0,0.0,0.8,1.0,0.0,0.0,10,0,0,0,0.0,0.0,0.0,0.0,0.0,0.0,0.0,1.0,0.0,0.0,0.0,0.0,0.0,1.0,1.0,747,54,110,74.7,20.254217667768195,74.7,0.1236509799957275,10,410.23333333333335
20.0,6,173.0,0.8940750102276132,0.0,0.0,0.0,0.7,1.0,0.0,0.0,10,0,0,0,0.0,0.0,0.0,0.0,0.0,0.0,0.0,1.0,0.0,0.0,0.0,0.0,0.0,1.0,1.0,870,54,190,87.0,55.63372278673351,87.0,1.131704306602478,10,3095.1111111111118
20.0,6,193.5,0.4986424213557373,0.0,0.0,0.0,0.6,1.0,0.0,0.0,10,0,0,0,0.0,0.0,0.0,0.0,0.0,0.0,0.0,1.0,0.0,0.0,0.0,0.0,0.0,1.0,1.0,960,54,190,96.0,64.88964991943374,96.0,2.011988806724548,10,4210.666666666667
20.0,6,193.5,1.2633461384696287,0.0,0.0,0.0,0.7,1.0,0.0,0.0,10,0,0,0,0.0,0.0,0.0,0.0,0.0,0.0,0.0,1.0,0.0,0.0,0.0,0.0,0.0,1.0,1.0,1097,54,191,109.7,69.34623277439086,109.7,1.452990198135376,10,4808.9
20.0,6,173.0,0.4963605585788804,0.0,0.0,0.0,0.7,1.0,0.0,0.0,10,0,0,0,0.0,0.0,0.0,0.0,0.0,0.0,0.0,1.0,0.0,0.0,0.0,0.0,0.0,1.0,1.0,964,54,190,96.4,64.61372403238597,96.4,2.020207500457764,10,4174.9333333333325
20.0,6,193.5,0.4940187953107045,0.0,0.0,0.0,0.6,1.0,0.0,0.0,10,0,0,0,0.0,0.0,0.0,0.0,0.0,0.0,0.0,1.0,0.0,0.0,0.0,0.0,0.0,1.0,1.0,960,54,190,96.0,64.88964991943374,96.0,2.038414788246155,10,4210.666666666667
20.0,6,193.5,0.9784560709032034,0.0,0.0,0.0,0.7,1.0,0.0,0.0,10,0,0,0,0.0,0.0,0.0,0.0,0.0,0.0,0.0,1.0,0.0,0.0,0.0,0.0,0.0,1.0,1.0,1097,54,191,109.7,69.34623277439084,109.7,1.6680541038513184,10,4808.899999999999
20.0,6,173.0,0.6354129094516334,0.0,0.0,0.0,0.7,1.0,0.0,0.0,10,0,0,0,0.0,0.0,0.0,0.0,0.0,0.0,0.0,1.0,0.0,0.0,0.0,0.0,0.0,1.0,1.0,964,54,190,96.4,64.61372403238597,96.4,1.5794758081436158,10,4174.9333333333325
20.0,6,193.5,0.4963055017239982,0.0,0.0,0.0,0.6,1.0,0.0,0.0,10,0,0,0,0.0,0.0,0.0,0.0,0.0,0.0,0.0,1.0,0.0,0.0,0.0,0.0,0.0,1.0,1.0,960,54,190,96.0,64.88964991943374,96.0,2.017425894737244,10,4210.666666666667
20.0,6,193.5,0.6338706652694716,0.0,0.0,0.0,0.7,1.0,0.0,0.0,10,0,0,0,0.0,0.0,0.0,0.0,0.0,0.0,0.0,1.0,0.0,0.0,0.0,0.0,0.0,1.0,1.0,1097,54,191,109.7,69.34623277439086,109.7,2.2342153072357176,10,4808.9
20.0,6,173.0,0.994002504164424,0.0,0.0,0.0,0.7,1.0,0.0,0.0,10,0,0,0,0.0,0.0,0.0,0.0,0.0,0.0,0.0,1.0,0.0,0.0,0.0,0.0,0.0,1.0,1.0,964,54,190,96.4,64.61372403238597,96.4,1.0115949869155885,10,4174.9333333333325
21.6,6,173.0,3.888600865257601,0.1,0.2,0.0,0.2,0.9,0.0,0.0,9,2,1,0,0.7,0.0,0.0,0.0,0.0,0.0,0.0,1.0,0.0,0.0,0.0,0.0,0.0,1.0,1.0,1288,54,568,128.8,168.62107420683415,128.8,0.2809123039245605,10,28433.066666666666
21.6,6,173.0,3.704303215780425,0.3,0.2,0.0,0.1,0.9,0.0,0.0,9,2,3,0,0.4,0.0,0.0,0.0,0.0,0.0,0.0,1.0,0.0,0.0,0.0,0.0,0.0,1.0,1.0,612,54,110,61.2,17.466157753400335,61.2,0.2797811985015869,10,305.06666666666666
20.0,6,152.5,7.707996531101643,0.0,0.0,0.0,0.7,1.0,0.0,0.0,10,0,0,0,0.0,0.0,0.0,0.0,0.0,0.0,0.0,1.0,0.0,0.0,0.0,0.0,0.0,1.0,1.0,691,54,96,69.1,16.86844522901991,69.1,0.1301439046859741,10,284.5444444444445
20.0,6,173.0,0.8688133667087599,0.0,0.0,0.0,0.7,1.0,0.0,0.0,10,0,0,0,0.0,0.0,0.0,0.0,0.0,0.0,0.0,1.0,0.0,0.0,0.0,0.0,0.0,1.0,1.0,869,54,190,86.9,55.42853256421481,86.9,1.1670270919799806,10,3072.322222222222
20.0,6,173.0,0.6995939363379299,0.0,0.0,0.0,0.7,1.0,0.0,0.0,10,0,0,0,0.0,0.0,0.0,0.0,0.0,0.0,0.0,1.0,0.0,0.0,0.0,0.0,0.0,1.0,1.0,964,54,190,96.4,64.61372403238597,96.4,2.077987813949585,10,4174.933333333333
20.0,6,193.5,0.9810878497918814,0.0,0.0,0.0,0.7,1.0,0.0,0.0,10,0,0,0,0.0,0.0,0.0,0.0,0.0,0.0,0.0,1.0,0.0,0.0,0.0,0.0,0.0,1.0,1.0,1097,54,191,109.7,69.34623277439084,109.7,1.4382936000823974,10,4808.899999999999
20.0,6,173.0,0.6375470839009064,0.0,0.0,0.0,0.7,1.0,0.0,0.0,10,0,0,0,0.0,0.0,0.0,0.0,0.0,0.0,0.0,1.0,0.0,0.0,0.0,0.0,0.0,1.0,1.0,964,54,190,96.4,64.61372403238597,96.4,1.574653697013855,10,4174.9333333333325
20.0,6,173.0,0.5498314149509878,0.0,0.0,0.0,0.7,1.0,0.0,0.0,10,0,0,0,0.0,0.0,0.0,0.0,0.0,0.0,0.0,1.0,0.0,0.0,0.0,0.0,0.0,1.0,1.0,964,54,190,96.4,64.61372403238597,96.4,1.8361754894256592,10,4174.9333333333325
20.0,6,193.5,0.5022716745534609,0.0,0.0,0.0,0.6,1.0,0.0,0.0,10,0,0,0,0.0,0.0,0.0,0.0,0.0,0.0,0.0,1.0,0.0,0.0,0.0,0.0,0.0,1.0,1.0,960,54,190,96.0,64.88964991943374,96.0,2.013752007484436,10,4210.666666666667
20.0,6,193.5,0.9916647563017452,0.0,0.0,0.0,0.7,1.0,0.0,0.0,10,0,0,0,0.0,0.0,0.0,0.0,0.0,0.0,0.0,1.0,0.0,0.0,0.0,0.0,0.0,1.0,1.0,1097,54,191,109.7,69.34623277439086,109.7,1.4531851053237914,10,4808.9
20.0,6,173.0,0.4968182483444027,0.0,0.0,0.0,0.7,1.0,0.0,0.0,10,0,0,0,0.0,0.0,0.0,0.0,0.0,0.0,0.0,1.0,0.0,0.0,0.0,0.0,0.0,1.0,1.0,964,54,190,96.4,64.61372403238597,96.4,2.018959307670593,10,4174.9333333333325
20.0,6,193.5,0.4937390678095689,0.0,0.0,0.0,0.6,1.0,0.0,0.0,10,0,0,0,0.0,0.0,0.0,0.0,0.0,0.0,0.0,1.0,0.0,0.0,0.0,0.0,0.0,1.0,1.0,960,54,190,96.0,64.88964991943374,96.0,2.0330268859863283,10,4210.666666666667
20.0,6,193.5,1.6920759540998966,0.0,0.0,0.0,0.7,1.0,0.0,0.0,10,0,0,0,0.0,0.0,0.0,0.0,0.0,0.0,0.0,1.0,0.0,0.0,0.0,0.0,0.0,1.0,1.0,1097,54,191,109.7,69.34623277439086,109.7,1.2376768112182617,10,4808.9
21.6,6,152.5,1.4174366337015438,0.1,0.2,0.0,0.3,0.9,0.0,0.0,9,2,1,0,0.6,0.0,0.0,0.0,0.0,0.0,0.0,1.0,0.0,0.0,0.0,0.0,0.0,1.0,1.0,1292,54,568,129.2,168.4285539265174,129.2,0.7115406036376953,10,28368.17777777777
21.6,6,173.0,3.4165608266663363,0.3,0.2,0.0,0.0,0.9,0.0,0.0,9,2,3,0,0.5,0.0,0.0,0.0,0.0,0.0,0.0,1.0,0.0,0.0,0.0,0.0,0.0,1.0,1.0,556,54,62,55.6,3.3730961708462712,55.6,0.3111435890197754,10,11.377777777777776
20.0,6,152.5,7.722091146842577,0.0,0.0,0.0,0.8,1.0,0.0,0.0,10,0,0,0,0.0,0.0,0.0,0.0,0.0,0.0,0.0,1.0,0.0,0.0,0.0,0.0,0.0,1.0,1.0,747,54,110,74.7,20.254217667768195,74.7,0.1316581964492797,10,410.23333333333335
20.0,6,173.0,0.8722288569289838,0.0,0.0,0.0,0.7,1.0,0.0,0.0,10,0,0,0,0.0,0.0,0.0,0.0,0.0,0.0,0.0,1.0,0.0,0.0,0.0,0.0,0.0,1.0,1.0,870,54,190,87.0,55.63372278673351,87.0,1.1528137922286987,10,3095.1111111111118
20.0,6,173.0,0.4878509946321205,0.0,0.0,0.0,0.7,1.0,0.0,0.0,10,0,0,0,0.0,0.0,0.0,0.0,0.0,0.0,0.0,1.0,0.0,0.0,0.0,0.0,0.0,1.0,1.0,963,54,190,96.3,64.4533422976135,96.3,2.0632803201675416,10,4154.233333333334
20.0,6,193.5,0.6893047250205462,0.0,0.0,0.0,0.7,1.0,0.0,0.0,10,0,0,0,0.0,0.0,0.0,0.0,0.0,0.0,0.0,1.0,0.0,0.0,0.0,0.0,0.0,1.0,1.0,1097,54,191,109.7,69.34623277439084,109.7,1.476052188873291,10,4808.899999999999
20.0,6,173.0,0.5595881644234242,0.0,0.0,0.0,0.7,1.0,0.0,0.0,10,0,0,0,0.0,0.0,0.0,0.0,0.0,0.0,0.0,1.0,0.0,0.0,0.0,0.0,0.0,1.0,1.0,964,54,190,96.4,64.61372403238597,96.4,1.7930669069290162,10,4174.9333333333325
20.0,6,173.0,0.5027680143952403,0.0,0.0,0.0,0.7,1.0,0.0,0.0,10,0,0,0,0.0,0.0,0.0,0.0,0.0,0.0,0.0,1.0,0.0,0.0,0.0,0.0,0.0,1.0,1.0,964,54,190,96.4,64.61372403238597,96.4,2.008617901802063,10,4174.9333333333325
20.0,6,193.5,0.4713472491312763,0.0,0.0,0.0,0.7,1.0,0.0,0.0,10,0,0,0,0.0,0.0,0.0,0.0,0.0,0.0,0.0,1.0,0.0,0.0,0.0,0.0,0.0,1.0,1.0,1097,54,191,109.7,69.34623277439086,109.7,2.1315935850143437,10,4808.9
20.0,6,173.0,0.816869401398097,0.0,0.0,0.0,0.7,1.0,0.0,0.0,10,0,0,0,0.0,0.0,0.0,0.0,0.0,0.0,0.0,1.0,0.0,0.0,0.0,0.0,0.0,1.0,1.0,964,54,190,96.4,64.61372403238597,96.4,1.2301639080047608,10,4174.9333333333325
20.0,6,193.5,0.4963659568520727,0.0,0.0,0.0,0.6,1.0,0.0,0.0,10,0,0,0,0.0,0.0,0.0,0.0,0.0,0.0,0.0,1.0,0.0,0.0,0.0,0.0,0.0,1.0,1.0,960,54,190,96.0,64.88964991943374,96.0,2.026182699203491,10,4210.666666666667
20.0,6,193.5,0.4964143233344145,0.0,0.0,0.0,0.7,1.0,0.0,0.0,10,0,0,0,0.0,0.0,0.0,0.0,0.0,0.0,0.0,1.0,0.0,0.0,0.0,0.0,0.0,1.0,1.0,1096,54,190,109.6,69.21656834409904,109.6,2.673540711402893,10,4790.933333333334
20.0,6,173.0,1.7260720542110308,0.0,0.0,0.0,0.7,1.0,0.0,0.0,10,0,0,0,0.0,0.0,0.0,0.0,0.0,0.0,0.0,1.0,0.0,0.0,0.0,0.0,0.0,1.0,1.0,965,54,191,96.5,64.77525247602925,96.5,0.5854026794433593,10,4195.833333333333
22.8,6,132.0,21.1178136540887,0.2,0.2,0.0,0.2,0.9,0.0,0.0,9,2,2,0,0.6,0.0,0.0,0.0,0.0,0.0,0.0,1.0,0.0,0.0,0.0,0.0,0.0,1.0,1.0,1300,54,568,130.0,168.0714133932359,130.0,0.5020400047302246,10,28248.0
20.8,6,173.0,3.896839895619829,0.3,0.1,0.1,0.0,0.8,0.0,0.0,8,1,3,1,0.8,0.0,0.0,0.0,0.0,0.0,0.0,1.0,0.0,0.0,0.0,0.0,0.0,1.0,1.0,548,54,62,54.8,2.5298221281347035,54.8,0.2598113059997559,10,6.4
20.8,6,152.5,8.234294036046867,0.0,0.1,0.0,0.6,1.0,0.0,0.0,10,1,0,0,0.0,0.0,0.0,0.0,0.0,0.0,0.0,1.0,0.0,0.0,0.0,0.0,0.0,1.0,1.0,693,54,110,69.3,20.488750300808707,69.3,0.1274393081665039,10,419.7888888888889
20.0,6,173.0,2.015664141069732,0.0,0.0,0.0,0.7,1.0,0.0,0.0,10,0,0,0,0.0,0.0,0.0,0.0,0.0,0.0,0.0,1.0,0.0,0.0,0.0,0.0,0.0,1.0,1.0,791,54,189,79.1,41.61316565169677,79.1,0.4966440916061401,10,1731.6555555555558
20.0,6,193.5,0.4949329045767603,0.0,0.0,0.0,0.7,1.0,0.0,0.0,10,0,0,0,0.0,0.0,0.0,0.0,0.0,0.0,0.0,1.0,0.0,0.0,0.0,0.0,0.0,1.0,1.0,1095,54,190,109.5,69.0881079974453,109.5,2.6633760929107666,10,4773.166666666667
20.0,6,173.0,0.8055845047505777,0.0,0.0,0.0,0.7,1.0,0.0,0.0,10,0,0,0,0.0,0.0,0.0,0.0,0.0,0.0,0.0,1.0,0.0,0.0,0.0,0.0,0.0,1.0,1.0,965,54,191,96.5,64.77525247602925,96.5,1.2472406148910522,10,4195.833333333333
20.0,6,193.5,0.643130077660685,0.0,0.0,0.0,0.6,1.0,0.0,0.0,10,0,0,0,0.0,0.0,0.0,0.0,0.0,0.0,0.0,1.0,0.0,0.0,0.0,0.0,0.0,1.0,1.0,960,54,190,96.0,64.88964991943374,96.0,1.577994990348816,10,4210.666666666667
20.0,6,186.66666666666663,0.8616423656552141,0.0,0.0,0.0,0.6666666666666666,1.0,0.0,0.0,6,0,0,0,0.0,0.0,0.0,0.0,0.0,0.0,0.0,1.0,0.0,0.0,0.0,0.0,0.0,1.0,1.0,604,54,190,100.66666666666669,69.22042087900554,100.66666666666669,2.25385316212972,6,4791.466666666666
