Timestamp,Source MAC,Destination MAC,Packet Length,Source IP,Destination IP,Protocol,Source Port,Destination Port,TTL,Window Size,Checksum
1734254418.935382,9c:9c:1f:0c:88:68,d4:6e:0e:76:ef:10,60,192.168.1.157,128.199.164.18,6.0,1032.0,1883.0,128.0,2048.0,44732.0
1734254419.192659,9c:9c:1f:0c:88:68,d4:6e:0e:76:ef:10,60,192.168.1.157,128.199.164.18,6.0,1032.0,1883.0,128.0,2048.0,28347.0
1734254433.935496,9c:9c:1f:0c:88:68,d4:6e:0e:76:ef:10,60,192.168.1.157,128.199.164.18,6.0,1032.0,1883.0,128.0,2048.0,44728.0
1734254434.193559,9c:9c:1f:0c:88:68,d4:6e:0e:76:ef:10,60,192.168.1.157,128.199.164.18,6.0,1032.0,1883.0,128.0,2048.0,28343.0
1734254439.000505,9c:9c:1f:0c:88:68,d4:6e:0e:76:ef:10,60,0.0,0.0,0.0,0.0,0.0,0.0,0.0,0.0
1734254448.940280,9c:9c:1f:0c:88:68,d4:6e:0e:76:ef:10,99,192.168.1.157,128.199.164.18,6.0,1032.0,1883.0,128.0,2048.0,39559.0
1734254449.259152,9c:9c:1f:0c:88:68,d4:6e:0e:76:ef:10,60,192.168.1.157,128.199.164.18,6.0,1032.0,1883.0,128.0,2048.0,28220.0
1734254463.940650,9c:9c:1f:0c:88:68,d4:6e:0e:76:ef:10,60,192.168.1.157,128.199.164.18,6.0,1032.0,1883.0,128.0,2048.0,44593.0
1734254464.198797,9c:9c:1f:0c:88:68,d4:6e:0e:76:ef:10,60,192.168.1.157,128.199.164.18,6.0,1032.0,1883.0,128.0,2048.0,28208.0
1734254478.940442,9c:9c:1f:0c:88:68,d4:6e:0e:76:ef:10,60,192.168.1.157,128.199.164.18,6.0,1032.0,1883.0,128.0,2048.0,44589.0
1734254479.197977,9c:9c:1f:0c:88:68,d4:6e:0e:76:ef:10,60,192.168.1.157,128.199.164.18,6.0,1032.0,1883.0,128.0,2048.0,28204.0
1734254484.040580,9c:9c:1f:0c:88:68,d4:6e:0e:76:ef:10,60,0.0,0.0,0.0,0.0,0.0,0.0,0.0,0.0
1734254493.941776,9c:9c:1f:0c:88:68,d4:6e:0e:76:ef:10,60,192.168.1.157,128.199.164.18,6.0,1032.0,1883.0,128.0,2048.0,44585.0
1734254494.203019,9c:9c:1f:0c:88:68,d4:6e:0e:76:ef:10,60,192.168.1.157,128.199.164.18,6.0,1032.0,1883.0,128.0,2048.0,28200.0
1734254508.941820,9c:9c:1f:0c:88:68,d4:6e:0e:76:ef:10,60,192.168.1.157,128.199.164.18,6.0,1032.0,1883.0,128.0,2048.0,44581.0
1734254509.199985,9c:9c:1f:0c:88:68,d4:6e:0e:76:ef:10,60,192.168.1.157,128.199.164.18,6.0,1032.0,1883.0,128.0,2048.0,28196.0
1734254523.941616,9c:9c:1f:0c:88:68,d4:6e:0e:76:ef:10,60,192.168.1.157,128.199.164.18,6.0,1032.0,1883.0,128.0,2048.0,44577.0
1734254524.200482,9c:9c:1f:0c:88:68,d4:6e:0e:76:ef:10,60,192.168.1.157,128.199.164.18,6.0,1032.0,1883.0,128.0,2048.0,28192.0
1734254529.000583,9c:9c:1f:0c:88:68,d4:6e:0e:76:ef:10,60,0.0,0.0,0.0,0.0,0.0,0.0,0.0,0.0
1734254538.966972,9c:9c:1f:0c:88:68,d4:6e:0e:76:ef:10,60,192.168.1.157,128.199.164.18,6.0,1032.0,1883.0,128.0,2048.0,44573.0
1734254539.224353,9c:9c:1f:0c:88:68,d4:6e:0e:76:ef:10,60,192.168.1.157,128.199.164.18,6.0,1032.0,1883.0,128.0,2048.0,28188.0
1734254553.947822,9c:9c:1f:0c:88:68,d4:6e:0e:76:ef:10,99,192.168.1.157,128.199.164.18,6.0,1032.0,1883.0,128.0,2048.0,39403.0
1734254554.219379,9c:9c:1f:0c:88:68,d4:6e:0e:76:ef:10,60,192.168.1.157,128.199.164.18,6.0,1032.0,1883.0,128.0,2048.0,28065.0
1734254568.948208,9c:9c:1f:0c:88:68,d4:6e:0e:76:ef:10,60,192.168.1.157,128.199.164.18,6.0,1032.0,1883.0,128.0,2048.0,44438.0
1734254569.205721,9c:9c:1f:0c:88:68,d4:6e:0e:76:ef:10,60,192.168.1.157,128.199.164.18,6.0,1032.0,1883.0,128.0,2048.0,28053.0
1734254574.040480,9c:9c:1f:0c:88:68,d4:6e:0e:76:ef:10,60,0.0,0.0,0.0,0.0,0.0,0.0,0.0,0.0
1734254583.948269,9c:9c:1f:0c:88:68,d4:6e:0e:76:ef:10,60,192.168.1.157,128.199.164.18,6.0,1032.0,1883.0,128.0,2048.0,44434.0
1734254584.209514,9c:9c:1f:0c:88:68,d4:6e:0e:76:ef:10,60,192.168.1.157,128.199.164.18,6.0,1032.0,1883.0,128.0,2048.0,28049.0
1734254598.948404,9c:9c:1f:0c:88:68,d4:6e:0e:76:ef:10,60,192.168.1.157,128.199.164.18,6.0,1032.0,1883.0,128.0,2048.0,44430.0
1734254599.209624,9c:9c:1f:0c:88:68,d4:6e:0e:76:ef:10,60,192.168.1.157,128.199.164.18,6.0,1032.0,1883.0,128.0,2048.0,28045.0
1734254613.948563,9c:9c:1f:0c:88:68,d4:6e:0e:76:ef:10,60,192.168.1.157,128.199.164.18,6.0,1032.0,1883.0,128.0,2048.0,44426.0
1734254614.206536,9c:9c:1f:0c:88:68,d4:6e:0e:76:ef:10,60,192.168.1.157,128.199.164.18,6.0,1032.0,1883.0,128.0,2048.0,28041.0
1734254619.080478,9c:9c:1f:0c:88:68,d4:6e:0e:76:ef:10,60,0.0,0.0,0.0,0.0,0.0,0.0,0.0,0.0
1734254628.948633,9c:9c:1f:0c:88:68,d4:6e:0e:76:ef:10,60,192.168.1.157,128.199.164.18,6.0,1032.0,1883.0,128.0,2048.0,44422.0
1734254629.206689,9c:9c:1f:0c:88:68,d4:6e:0e:76:ef:10,60,192.168.1.157,128.199.164.18,6.0,1032.0,1883.0,128.0,2048.0,28037.0
1734254643.948731,9c:9c:1f:0c:88:68,d4:6e:0e:76:ef:10,60,192.168.1.157,128.199.164.18,6.0,1032.0,1883.0,128.0,2048.0,44418.0
1734254644.207017,9c:9c:1f:0c:88:68,d4:6e:0e:76:ef:10,60,192.168.1.157,128.199.164.18,6.0,1032.0,1883.0,128.0,2048.0,28033.0
1734254658.956581,9c:9c:1f:0c:88:68,d4:6e:0e:76:ef:10,99,192.168.1.157,128.199.164.18,6.0,1032.0,1883.0,128.0,2048.0,39247.0
1734254659.229377,9c:9c:1f:0c:88:68,d4:6e:0e:76:ef:10,60,192.168.1.157,128.199.164.18,6.0,1032.0,1883.0,128.0,2048.0,27910.0
1734254664.040476,9c:9c:1f:0c:88:68,d4:6e:0e:76:ef:10,60,0.0,0.0,0.0,0.0,0.0,0.0,0.0,0.0
1734254673.957010,9c:9c:1f:0c:88:68,d4:6e:0e:76:ef:10,60,192.168.1.157,128.199.164.18,6.0,1032.0,1883.0,128.0,2048.0,44283.0
1734254674.216879,9c:9c:1f:0c:88:68,d4:6e:0e:76:ef:10,60,192.168.1.157,128.199.164.18,6.0,1032.0,1883.0,128.0,2048.0,27898.0
1734254688.970084,9c:9c:1f:0c:88:68,d4:6e:0e:76:ef:10,60,192.168.1.157,128.199.164.18,6.0,1032.0,1883.0,128.0,2048.0,44279.0
1734254689.229350,9c:9c:1f:0c:88:68,d4:6e:0e:76:ef:10,60,192.168.1.157,128.199.164.18,6.0,1032.0,1883.0,128.0,2048.0,27894.0
1734254703.969916,9c:9c:1f:0c:88:68,d4:6e:0e:76:ef:10,60,192.168.1.157,128.199.164.18,6.0,1032.0,1883.0,128.0,2048.0,44275.0
1734254704.230896,9c:9c:1f:0c:88:68,d4:6e:0e:76:ef:10,60,192.168.1.157,128.199.164.18,6.0,1032.0,1883.0,128.0,2048.0,27890.0
1734254718.971263,9c:9c:1f:0c:88:68,d4:6e:0e:76:ef:10,60,192.168.1.157,128.199.164.18,6.0,1032.0,1883.0,128.0,2048.0,44271.0
1734254719.229300,9c:9c:1f:0c:88:68,d4:6e:0e:76:ef:10,60,192.168.1.157,128.199.164.18,6.0,1032.0,1883.0,128.0,2048.0,27886.0
1734254724.040507,9c:9c:1f:0c:88:68,d4:6e:0e:76:ef:10,60,0.0,0.0,0.0,0.0,0.0,0.0,0.0,0.0
1734254733.971394,9c:9c:1f:0c:88:68,d4:6e:0e:76:ef:10,60,192.168.1.157,128.199.164.18,6.0,1032.0,1883.0,128.0,2048.0,44267.0
1734254734.229641,9c:9c:1f:0c:88:68,d4:6e:0e:76:ef:10,60,192.168.1.157,128.199.164.18,6.0,1032.0,1883.0,128.0,2048.0,27882.0
1734254748.971462,9c:9c:1f:0c:88:68,d4:6e:0e:76:ef:10,60,192.168.1.157,128.199.164.18,6.0,1032.0,1883.0,128.0,2048.0,44263.0
1734254749.230883,9c:9c:1f:0c:88:68,d4:6e:0e:76:ef:10,60,192.168.1.157,128.199.164.18,6.0,1032.0,1883.0,128.0,2048.0,27878.0
1734254763.964326,9c:9c:1f:0c:88:68,d4:6e:0e:76:ef:10,99,192.168.1.157,128.199.164.18,6.0,1032.0,1883.0,128.0,2048.0,39091.0
1734254764.251515,9c:9c:1f:0c:88:68,d4:6e:0e:76:ef:10,60,192.168.1.157,128.199.164.18,6.0,1032.0,1883.0,128.0,2048.0,27755.0
1734254778.964723,9c:9c:1f:0c:88:68,d4:6e:0e:76:ef:10,60,192.168.1.157,128.199.164.18,6.0,1032.0,1883.0,128.0,2048.0,44128.0
1734254779.223865,9c:9c:1f:0c:88:68,d4:6e:0e:76:ef:10,60,192.168.1.157,128.199.164.18,6.0,1032.0,1883.0,128.0,2048.0,27743.0
1734254784.040700,9c:9c:1f:0c:88:68,d4:6e:0e:76:ef:10,60,0.0,0.0,0.0,0.0,0.0,0.0,0.0,0.0
1734254793.964815,9c:9c:1f:0c:88:68,d4:6e:0e:76:ef:10,60,192.168.1.157,128.199.164.18,6.0,1032.0,1883.0,128.0,2048.0,44124.0
1734254794.222665,9c:9c:1f:0c:88:68,d4:6e:0e:76:ef:10,60,192.168.1.157,128.199.164.18,6.0,1032.0,1883.0,128.0,2048.0,27739.0
1734254808.964633,9c:9c:1f:0c:88:68,d4:6e:0e:76:ef:10,60,192.168.1.157,128.199.164.18,6.0,1032.0,1883.0,128.0,2048.0,44120.0
1734254809.222903,9c:9c:1f:0c:88:68,d4:6e:0e:76:ef:10,60,192.168.1.157,128.199.164.18,6.0,1032.0,1883.0,128.0,2048.0,27735.0
1734254823.965964,9c:9c:1f:0c:88:68,d4:6e:0e:76:ef:10,60,192.168.1.157,128.199.164.18,6.0,1032.0,1883.0,128.0,2048.0,44116.0
1734254824.223218,9c:9c:1f:0c:88:68,d4:6e:0e:76:ef:10,60,192.168.1.157,128.199.164.18,6.0,1032.0,1883.0,128.0,2048.0,27731.0
1734254838.965851,9c:9c:1f:0c:88:68,d4:6e:0e:76:ef:10,60,192.168.1.157,128.199.164.18,6.0,1032.0,1883.0,128.0,2048.0,44112.0
1734254839.224861,9c:9c:1f:0c:88:68,d4:6e:0e:76:ef:10,60,192.168.1.157,128.199.164.18,6.0,1032.0,1883.0,128.0,2048.0,27727.0
1734254844.040292,9c:9c:1f:0c:88:68,d4:6e:0e:76:ef:10,60,0.0,0.0,0.0,0.0,0.0,0.0,0.0,0.0
1734254853.967055,9c:9c:1f:0c:88:68,d4:6e:0e:76:ef:10,60,192.168.1.157,128.199.164.18,6.0,1032.0,1883.0,128.0,2048.0,44108.0
1734254854.225196,9c:9c:1f:0c:88:68,d4:6e:0e:76:ef:10,60,192.168.1.157,128.199.164.18,6.0,1032.0,1883.0,128.0,2048.0,27723.0
1734254868.998010,9c:9c:1f:0c:88:68,d4:6e:0e:76:ef:10,99,192.168.1.157,128.199.164.18,6.0,1032.0,1883.0,128.0,2048.0,38935.0
1734254869.278918,9c:9c:1f:0c:88:68,d4:6e:0e:76:ef:10,60,192.168.1.157,128.199.164.18,6.0,1032.0,1883.0,128.0,2048.0,27600.0
1734254883.998369,9c:9c:1f:0c:88:68,d4:6e:0e:76:ef:10,60,192.168.1.157,128.199.164.18,6.0,1032.0,1883.0,128.0,2048.0,43973.0
1734254884.256673,9c:9c:1f:0c:88:68,d4:6e:0e:76:ef:10,60,192.168.1.157,128.199.164.18,6.0,1032.0,1883.0,128.0,2048.0,27588.0
1734254893.680565,9c:9c:1f:0c:88:68,ff:ff:ff:ff:ff:ff,60,0.0,0.0,0.0,0.0,0.0,0.0,0.0,0.0
1734254893.680811,9c:9c:1f:0c:88:68,d4:6e:0e:76:ef:10,80,192.168.1.157,192.168.1.1,17.0,1038.0,53.0,128.0,0.0,61163.0
1734254893.743832,9c:9c:1f:0c:88:68,ff:ff:ff:ff:ff:ff,60,0.0,0.0,0.0,0.0,0.0,0.0,0.0,0.0
1734254893.744060,9c:9c:1f:0c:88:68,d4:6e:0e:76:ef:10,60,192.168.1.157,128.199.164.18,6.0,1036.0,80.0,128.0,2048.0,50015.0
1734254893.803671,9c:9c:1f:0c:88:68,d4:6e:0e:76:ef:10,60,192.168.1.157,128.199.164.18,6.0,1036.0,80.0,128.0,2048.0,12733.0
1734254893.804421,9c:9c:1f:0c:88:68,d4:6e:0e:76:ef:10,60,192.168.1.157,128.199.164.18,6.0,1036.0,80.0,128.0,2048.0,38508.0
1734254893.804629,9c:9c:1f:0c:88:68,d4:6e:0e:76:ef:10,60,192.168.1.157,128.199.164.18,6.0,1036.0,80.0,128.0,2048.0,4529.0
1734254893.804949,9c:9c:1f:0c:88:68,d4:6e:0e:76:ef:10,110,192.168.1.157,128.199.164.18,6.0,1036.0,80.0,128.0,2048.0,7344.0
1734254893.805165,9c:9c:1f:0c:88:68,d4:6e:0e:76:ef:10,63,192.168.1.157,128.199.164.18,6.0,1036.0,80.0,128.0,2048.0,2678.0
1734254893.806383,9c:9c:1f:0c:88:68,d4:6e:0e:76:ef:10,60,192.168.1.157,128.199.164.18,6.0,1036.0,80.0,128.0,2048.0,9316.0
1734254893.806598,9c:9c:1f:0c:88:68,d4:6e:0e:76:ef:10,60,192.168.1.157,128.199.164.18,6.0,1036.0,80.0,128.0,2048.0,15204.0
1734254893.806842,9c:9c:1f:0c:88:68,d4:6e:0e:76:ef:10,74,192.168.1.157,128.199.164.18,6.0,1036.0,80.0,128.0,2048.0,13323.0
1734254893.807048,9c:9c:1f:0c:88:68,d4:6e:0e:76:ef:10,60,192.168.1.157,128.199.164.18,6.0,1036.0,80.0,128.0,2048.0,9288.0
1734254893.808283,9c:9c:1f:0c:88:68,d4:6e:0e:76:ef:10,64,192.168.1.157,128.199.164.18,6.0,1036.0,80.0,128.0,2048.0,29511.0
1734254893.808490,9c:9c:1f:0c:88:68,d4:6e:0e:76:ef:10,60,192.168.1.157,128.199.164.18,6.0,1036.0,80.0,128.0,2048.0,63269.0
1734254893.808708,9c:9c:1f:0c:88:68,d4:6e:0e:76:ef:10,61,192.168.1.157,128.199.164.18,6.0,1036.0,80.0,128.0,2048.0,13181.0
1734254893.808924,9c:9c:1f:0c:88:68,d4:6e:0e:76:ef:10,60,192.168.1.157,128.199.164.18,6.0,1036.0,80.0,128.0,2048.0,9267.0
1734254893.809253,9c:9c:1f:0c:88:68,d4:6e:0e:76:ef:10,64,192.168.1.157,128.199.164.18,6.0,1036.0,80.0,128.0,2048.0,13850.0
1734254893.810360,9c:9c:1f:0c:88:68,d4:6e:0e:76:ef:10,60,192.168.1.157,128.199.164.18,6.0,1036.0,80.0,128.0,2048.0,63248.0
1734254893.810575,9c:9c:1f:0c:88:68,d4:6e:0e:76:ef:10,60,192.168.1.157,128.199.164.18,6.0,1036.0,80.0,128.0,2048.0,63819.0
1734254893.810839,9c:9c:1f:0c:88:68,d4:6e:0e:76:ef:10,60,192.168.1.157,128.199.164.18,6.0,1036.0,80.0,128.0,2048.0,9248.0
1734254893.810988,9c:9c:1f:0c:88:68,d4:6e:0e:76:ef:10,60,192.168.1.157,128.199.164.18,6.0,1036.0,80.0,128.0,2048.0,9246.0
1734254894.233071,9c:9c:1f:0c:88:68,d4:6e:0e:76:ef:10,60,192.168.1.157,128.199.164.18,6.0,1036.0,80.0,128.0,1532.0,12591.0
1734254894.642289,9c:9c:1f:0c:88:68,d4:6e:0e:76:ef:10,60,192.168.1.157,128.199.164.18,6.0,1032.0,1883.0,128.0,1986.0,27588.0
1734254896.219345,9c:9c:1f:0c:88:68,d4:6e:0e:76:ef:10,60,192.168.1.157,128.199.164.18,6.0,1036.0,80.0,128.0,2048.0,12074.0
1734254898.760517,9c:9c:1f:0c:88:68,d4:6e:0e:76:ef:10,60,0.0,0.0,0.0,0.0,0.0,0.0,0.0,0.0
1734254898.999281,9c:9c:1f:0c:88:68,d4:6e:0e:76:ef:10,60,192.168.1.157,128.199.164.18,6.0,1032.0,1883.0,128.0,2048.0,43907.0
1734254899.201496,9c:9c:1f:0c:88:68,d4:6e:0e:76:ef:10,60,192.168.1.157,128.199.164.18,6.0,1032.0,1883.0,128.0,2048.0,43907.0
1734254899.686168,9c:9c:1f:0c:88:68,d4:6e:0e:76:ef:10,60,192.168.1.157,128.199.164.18,6.0,1032.0,1883.0,128.0,2048.0,27522.0
1734254913.999329,9c:9c:1f:0c:88:68,d4:6e:0e:76:ef:10,60,192.168.1.157,128.199.164.18,6.0,1032.0,1883.0,128.0,2048.0,43903.0
1734254914.257324,9c:9c:1f:0c:88:68,d4:6e:0e:76:ef:10,60,192.168.1.157,128.199.164.18,6.0,1032.0,1883.0,128.0,2048.0,27518.0
1734254929.000437,9c:9c:1f:0c:88:68,d4:6e:0e:76:ef:10,60,192.168.1.157,128.199.164.18,6.0,1032.0,1883.0,128.0,2048.0,43899.0
1734254929.202649,9c:9c:1f:0c:88:68,d4:6e:0e:76:ef:10,60,192.168.1.157,128.199.164.18,6.0,1032.0,1883.0,128.0,2048.0,43899.0
1734254929.607051,9c:9c:1f:0c:88:68,d4:6e:0e:76:ef:10,60,192.168.1.157,128.199.164.18,6.0,1032.0,1883.0,128.0,2048.0,43899.0
1734254929.918679,9c:9c:1f:0c:88:68,d4:6e:0e:76:ef:10,60,192.168.1.157,128.199.164.18,6.0,1032.0,1883.0,128.0,2048.0,27514.0
1734254944.001520,9c:9c:1f:0c:88:68,d4:6e:0e:76:ef:10,60,192.168.1.157,128.199.164.18,6.0,1032.0,1883.0,128.0,2048.0,43895.0
1734254944.264023,9c:9c:1f:0c:88:68,d4:6e:0e:76:ef:10,60,192.168.1.157,128.199.164.18,6.0,1032.0,1883.0,128.0,2048.0,27510.0
1734254959.002831,9c:9c:1f:0c:88:68,d4:6e:0e:76:ef:10,60,192.168.1.157,128.199.164.18,6.0,1032.0,1883.0,128.0,2048.0,43891.0
1734254959.261413,9c:9c:1f:0c:88:68,d4:6e:0e:76:ef:10,60,192.168.1.157,128.199.164.18,6.0,1032.0,1883.0,128.0,2048.0,27506.0
1734254964.120372,9c:9c:1f:0c:88:68,d4:6e:0e:76:ef:10,60,0.0,0.0,0.0,0.0,0.0,0.0,0.0,0.0
1734254974.004715,9c:9c:1f:0c:88:68,d4:6e:0e:76:ef:10,99,192.168.1.157,128.199.164.18,6.0,1032.0,1883.0,128.0,2048.0,38717.0
1734254974.270435,9c:9c:1f:0c:88:68,d4:6e:0e:76:ef:10,60,192.168.1.157,128.199.164.18,6.0,1032.0,1883.0,128.0,2048.0,27383.0
1734254989.014077,9c:9c:1f:0c:88:68,d4:6e:0e:76:ef:10,60,192.168.1.157,128.199.164.18,6.0,1032.0,1883.0,128.0,2048.0,43756.0
1734254989.276909,9c:9c:1f:0c:88:68,d4:6e:0e:76:ef:10,60,192.168.1.157,128.199.164.18,6.0,1032.0,1883.0,128.0,2048.0,27371.0
1734255004.013864,9c:9c:1f:0c:88:68,d4:6e:0e:76:ef:10,60,192.168.1.157,128.199.164.18,6.0,1032.0,1883.0,128.0,2048.0,43752.0
1734255004.272982,9c:9c:1f:0c:88:68,d4:6e:0e:76:ef:10,60,192.168.1.157,128.199.164.18,6.0,1032.0,1883.0,128.0,2048.0,27367.0
1734255019.015212,9c:9c:1f:0c:88:68,d4:6e:0e:76:ef:10,60,192.168.1.157,128.199.164.18,6.0,1032.0,1883.0,128.0,2048.0,43748.0
1734255019.273205,9c:9c:1f:0c:88:68,d4:6e:0e:76:ef:10,60,192.168.1.157,128.199.164.18,6.0,1032.0,1883.0,128.0,2048.0,27363.0
1734255024.121232,9c:9c:1f:0c:88:68,d4:6e:0e:76:ef:10,60,0.0,0.0,0.0,0.0,0.0,0.0,0.0,0.0
1734255034.015303,9c:9c:1f:0c:88:68,d4:6e:0e:76:ef:10,60,192.168.1.157,128.199.164.18,6.0,1032.0,1883.0,128.0,2048.0,43744.0
1734255034.267914,9c:9c:1f:0c:88:68,d4:6e:0e:76:ef:10,60,192.168.1.157,128.199.164.18,6.0,1032.0,1883.0,128.0,2048.0,27367.0
1734255049.015369,9c:9c:1f:0c:88:68,d4:6e:0e:76:ef:10,60,192.168.1.157,128.199.164.18,6.0,1032.0,1883.0,128.0,2048.0,43740.0
1734255049.271920,9c:9c:1f:0c:88:68,d4:6e:0e:76:ef:10,60,192.168.1.157,128.199.164.18,6.0,1032.0,1883.0,128.0,2048.0,27355.0
1734255064.015479,9c:9c:1f:0c:88:68,d4:6e:0e:76:ef:10,60,192.168.1.157,128.199.164.18,6.0,1032.0,1883.0,128.0,2048.0,43736.0
1734255064.272948,9c:9c:1f:0c:88:68,d4:6e:0e:76:ef:10,60,192.168.1.157,128.199.164.18,6.0,1032.0,1883.0,128.0,2048.0,27351.0
1734255069.080484,9c:9c:1f:0c:88:68,d4:6e:0e:76:ef:10,60,0.0,0.0,0.0,0.0,0.0,0.0,0.0,0.0
1734255079.012316,9c:9c:1f:0c:88:68,d4:6e:0e:76:ef:10,99,192.168.1.157,128.199.164.18,6.0,1032.0,1883.0,128.0,2048.0,38561.0
1734255079.289674,9c:9c:1f:0c:88:68,d4:6e:0e:76:ef:10,60,192.168.1.157,128.199.164.18,6.0,1032.0,1883.0,128.0,2048.0,27228.0
1734255094.013534,9c:9c:1f:0c:88:68,d4:6e:0e:76:ef:10,60,192.168.1.157,128.199.164.18,6.0,1032.0,1883.0,128.0,2048.0,43601.0
1734255094.272593,9c:9c:1f:0c:88:68,d4:6e:0e:76:ef:10,60,192.168.1.157,128.199.164.18,6.0,1032.0,1883.0,128.0,2048.0,27216.0
1734255109.013811,9c:9c:1f:0c:88:68,d4:6e:0e:76:ef:10,60,192.168.1.157,128.199.164.18,6.0,1032.0,1883.0,128.0,2048.0,43597.0
1734255109.271815,9c:9c:1f:0c:88:68,d4:6e:0e:76:ef:10,60,192.168.1.157,128.199.164.18,6.0,1032.0,1883.0,128.0,2048.0,27212.0
1734255109.274148,9c:9c:1f:0c:88:68,d4:6e:0e:76:ef:10,60,192.168.1.157,128.199.164.18,6.0,1032.0,1883.0,128.0,2048.0,27220.0
1734255114.120481,9c:9c:1f:0c:88:68,d4:6e:0e:76:ef:10,60,0.0,0.0,0.0,0.0,0.0,0.0,0.0,0.0
1734255124.016959,9c:9c:1f:0c:88:68,d4:6e:0e:76:ef:10,60,192.168.1.157,128.199.164.18,6.0,1032.0,1883.0,128.0,2048.0,43593.0
1734255124.275911,9c:9c:1f:0c:88:68,d4:6e:0e:76:ef:10,60,192.168.1.157,128.199.164.18,6.0,1032.0,1883.0,128.0,2048.0,27208.0
1734255139.016833,9c:9c:1f:0c:88:68,d4:6e:0e:76:ef:10,60,192.168.1.157,128.199.164.18,6.0,1032.0,1883.0,128.0,2048.0,43589.0
1734255139.275948,9c:9c:1f:0c:88:68,d4:6e:0e:76:ef:10,60,192.168.1.157,128.199.164.18,6.0,1032.0,1883.0,128.0,2048.0,27204.0
1734255154.018201,9c:9c:1f:0c:88:68,d4:6e:0e:76:ef:10,60,192.168.1.157,128.199.164.18,6.0,1032.0,1883.0,128.0,2048.0,43585.0
1734255154.220406,9c:9c:1f:0c:88:68,d4:6e:0e:76:ef:10,60,192.168.1.157,128.199.164.18,6.0,1032.0,1883.0,128.0,2048.0,43585.0
1734255154.496436,9c:9c:1f:0c:88:68,d4:6e:0e:76:ef:10,60,192.168.1.157,128.199.164.18,6.0,1032.0,1883.0,128.0,2048.0,27200.0
1734255159.080484,9c:9c:1f:0c:88:68,d4:6e:0e:76:ef:10,60,0.0,0.0,0.0,0.0,0.0,0.0,0.0,0.0
1734255169.018310,9c:9c:1f:0c:88:68,d4:6e:0e:76:ef:10,60,192.168.1.157,128.199.164.18,6.0,1032.0,1883.0,128.0,2048.0,43581.0
1734255169.275819,9c:9c:1f:0c:88:68,d4:6e:0e:76:ef:10,60,192.168.1.157,128.199.164.18,6.0,1032.0,1883.0,128.0,2048.0,27196.0
1734255184.027138,9c:9c:1f:0c:88:68,d4:6e:0e:76:ef:10,99,192.168.1.157,128.199.164.18,6.0,1032.0,1883.0,128.0,2048.0,38405.0
1734255184.308278,9c:9c:1f:0c:88:68,d4:6e:0e:76:ef:10,60,192.168.1.157,128.199.164.18,6.0,1032.0,1883.0,128.0,2048.0,27073.0
1734255199.027540,9c:9c:1f:0c:88:68,d4:6e:0e:76:ef:10,60,192.168.1.157,128.199.164.18,6.0,1032.0,1883.0,128.0,2048.0,43446.0
1734255199.286615,9c:9c:1f:0c:88:68,d4:6e:0e:76:ef:10,60,192.168.1.157,128.199.164.18,6.0,1032.0,1883.0,128.0,2048.0,27061.0
1734255204.120481,9c:9c:1f:0c:88:68,d4:6e:0e:76:ef:10,60,0.0,0.0,0.0,0.0,0.0,0.0,0.0,0.0
1734255214.027374,9c:9c:1f:0c:88:68,d4:6e:0e:76:ef:10,60,192.168.1.157,128.199.164.18,6.0,1032.0,1883.0,128.0,2048.0,43442.0
1734255214.229534,9c:9c:1f:0c:88:68,d4:6e:0e:76:ef:10,60,192.168.1.157,128.199.164.18,6.0,1032.0,1883.0,128.0,2048.0,43442.0
1734255214.523266,9c:9c:1f:0c:88:68,d4:6e:0e:76:ef:10,60,192.168.1.157,128.199.164.18,6.0,1032.0,1883.0,128.0,2048.0,27057.0
1734255229.028497,9c:9c:1f:0c:88:68,d4:6e:0e:76:ef:10,60,192.168.1.157,128.199.164.18,6.0,1032.0,1883.0,128.0,2048.0,43438.0
1734255229.286179,9c:9c:1f:0c:88:68,d4:6e:0e:76:ef:10,60,192.168.1.157,128.199.164.18,6.0,1032.0,1883.0,128.0,2048.0,27053.0
1734255244.029576,9c:9c:1f:0c:88:68,d4:6e:0e:76:ef:10,60,192.168.1.157,128.199.164.18,6.0,1032.0,1883.0,128.0,2048.0,43434.0
1734255244.084180,9c:9c:1f:0c:88:68,d4:6e:0e:76:ef:10,60,192.168.1.157,128.199.164.18,6.0,1032.0,1883.0,128.0,2048.0,27059.0
1734255244.231832,9c:9c:1f:0c:88:68,d4:6e:0e:76:ef:10,60,192.168.1.157,128.199.164.18,6.0,1032.0,1883.0,128.0,2048.0,43434.0
1734255244.503824,9c:9c:1f:0c:88:68,d4:6e:0e:76:ef:10,60,192.168.1.157,128.199.164.18,6.0,1032.0,1883.0,128.0,2048.0,27049.0
1734255249.160484,9c:9c:1f:0c:88:68,d4:6e:0e:76:ef:10,60,0.0,0.0,0.0,0.0,0.0,0.0,0.0,0.0
1734255259.030978,9c:9c:1f:0c:88:68,d4:6e:0e:76:ef:10,60,192.168.1.157,128.199.164.18,6.0,1032.0,1883.0,128.0,2048.0,43430.0
1734255259.290985,9c:9c:1f:0c:88:68,d4:6e:0e:76:ef:10,60,192.168.1.157,128.199.164.18,6.0,1032.0,1883.0,128.0,2048.0,27045.0
1734255274.031056,9c:9c:1f:0c:88:68,d4:6e:0e:76:ef:10,60,192.168.1.157,128.199.164.18,6.0,1032.0,1883.0,128.0,2048.0,43426.0
1734255274.287992,9c:9c:1f:0c:88:68,d4:6e:0e:76:ef:10,60,192.168.1.157,128.199.164.18,6.0,1032.0,1883.0,128.0,2048.0,27041.0
1734255289.060896,9c:9c:1f:0c:88:68,d4:6e:0e:76:ef:10,99,192.168.1.157,128.199.164.18,6.0,1032.0,1883.0,128.0,2048.0,38249.0
1734255289.349459,9c:9c:1f:0c:88:68,d4:6e:0e:76:ef:10,60,192.168.1.157,128.199.164.18,6.0,1032.0,1883.0,128.0,2048.0,26918.0
1734255294.120520,9c:9c:1f:0c:88:68,d4:6e:0e:76:ef:10,60,0.0,0.0,0.0,0.0,0.0,0.0,0.0,0.0
1734255304.061270,9c:9c:1f:0c:88:68,d4:6e:0e:76:ef:10,60,192.168.1.157,128.199.164.18,6.0,1032.0,1883.0,128.0,2048.0,43291.0
1734255304.323821,9c:9c:1f:0c:88:68,d4:6e:0e:76:ef:10,60,192.168.1.157,128.199.164.18,6.0,1032.0,1883.0,128.0,2048.0,26906.0
1734255319.070401,9c:9c:1f:0c:88:68,d4:6e:0e:76:ef:10,60,192.168.1.157,128.199.164.18,6.0,1032.0,1883.0,128.0,2048.0,43287.0
1734255319.326995,9c:9c:1f:0c:88:68,d4:6e:0e:76:ef:10,60,192.168.1.157,128.199.164.18,6.0,1032.0,1883.0,128.0,2048.0,26902.0
1734255334.070221,9c:9c:1f:0c:88:68,d4:6e:0e:76:ef:10,60,192.168.1.157,128.199.164.18,6.0,1032.0,1883.0,128.0,2048.0,43283.0
1734255334.327828,9c:9c:1f:0c:88:68,d4:6e:0e:76:ef:10,60,192.168.1.157,128.199.164.18,6.0,1032.0,1883.0,128.0,2048.0,26898.0
1734255339.160488,9c:9c:1f:0c:88:68,d4:6e:0e:76:ef:10,60,0.0,0.0,0.0,0.0,0.0,0.0,0.0,0.0
1734255349.071601,9c:9c:1f:0c:88:68,d4:6e:0e:76:ef:10,60,192.168.1.157,128.199.164.18,6.0,1032.0,1883.0,128.0,2048.0,43279.0
1734255349.328377,9c:9c:1f:0c:88:68,d4:6e:0e:76:ef:10,60,192.168.1.157,128.199.164.18,6.0,1032.0,1883.0,128.0,2048.0,26894.0
1734255364.071407,9c:9c:1f:0c:88:68,d4:6e:0e:76:ef:10,60,192.168.1.157,128.199.164.18,6.0,1032.0,1883.0,128.0,2048.0,43275.0
1734255364.328188,9c:9c:1f:0c:88:68,d4:6e:0e:76:ef:10,60,192.168.1.157,128.199.164.18,6.0,1032.0,1883.0,128.0,2048.0,26890.0
1734255379.072764,9c:9c:1f:0c:88:68,d4:6e:0e:76:ef:10,60,192.168.1.157,128.199.164.18,6.0,1032.0,1883.0,128.0,2048.0,43271.0
1734255379.330337,9c:9c:1f:0c:88:68,d4:6e:0e:76:ef:10,60,192.168.1.157,128.199.164.18,6.0,1032.0,1883.0,128.0,2048.0,26886.0
1734255384.200479,9c:9c:1f:0c:88:68,d4:6e:0e:76:ef:10,60,0.0,0.0,0.0,0.0,0.0,0.0,0.0,0.0
1734255394.068616,9c:9c:1f:0c:88:68,d4:6e:0e:76:ef:10,99,192.168.1.157,128.199.164.18,6.0,1032.0,1883.0,128.0,2048.0,38093.0
1734255394.333568,9c:9c:1f:0c:88:68,d4:6e:0e:76:ef:10,60,192.168.1.157,128.199.164.18,6.0,1032.0,1883.0,128.0,2048.0,26763.0
1734255409.068993,9c:9c:1f:0c:88:68,d4:6e:0e:76:ef:10,60,192.168.1.157,128.199.164.18,6.0,1032.0,1883.0,128.0,2048.0,43136.0
1734255409.328756,9c:9c:1f:0c:88:68,d4:6e:0e:76:ef:10,60,192.168.1.157,128.199.164.18,6.0,1032.0,1883.0,128.0,2048.0,26751.0
1734255424.068846,9c:9c:1f:0c:88:68,d4:6e:0e:76:ef:10,60,192.168.1.157,128.199.164.18,6.0,1032.0,1883.0,128.0,2048.0,43132.0
1734255424.326666,9c:9c:1f:0c:88:68,d4:6e:0e:76:ef:10,60,192.168.1.157,128.199.164.18,6.0,1032.0,1883.0,128.0,2048.0,26747.0
1734255429.160486,9c:9c:1f:0c:88:68,d4:6e:0e:76:ef:10,60,0.0,0.0,0.0,0.0,0.0,0.0,0.0,0.0
1734255439.070206,9c:9c:1f:0c:88:68,d4:6e:0e:76:ef:10,60,192.168.1.157,128.199.164.18,6.0,1032.0,1883.0,128.0,2048.0,43128.0
1734255439.326794,9c:9c:1f:0c:88:68,d4:6e:0e:76:ef:10,60,192.168.1.157,128.199.164.18,6.0,1032.0,1883.0,128.0,2048.0,26743.0
1734255454.070324,9c:9c:1f:0c:88:68,d4:6e:0e:76:ef:10,60,192.168.1.157,128.199.164.18,6.0,1032.0,1883.0,128.0,2048.0,43124.0
1734255454.327815,9c:9c:1f:0c:88:68,d4:6e:0e:76:ef:10,60,192.168.1.157,128.199.164.18,6.0,1032.0,1883.0,128.0,2048.0,26739.0
1734255454.329234,9c:9c:1f:0c:88:68,d4:6e:0e:76:ef:10,60,192.168.1.157,128.199.164.18,6.0,1032.0,1883.0,128.0,2048.0,26747.0
1734255469.070402,9c:9c:1f:0c:88:68,d4:6e:0e:76:ef:10,60,192.168.1.157,128.199.164.18,6.0,1032.0,1883.0,128.0,2048.0,43120.0
1734255469.329151,9c:9c:1f:0c:88:68,d4:6e:0e:76:ef:10,60,192.168.1.157,128.199.164.18,6.0,1032.0,1883.0,128.0,2048.0,26735.0
1734255474.200514,9c:9c:1f:0c:88:68,d4:6e:0e:76:ef:10,60,0.0,0.0,0.0,0.0,0.0,0.0,0.0,0.0
1734255484.070240,9c:9c:1f:0c:88:68,d4:6e:0e:76:ef:10,60,192.168.1.157,128.199.164.18,6.0,1032.0,1883.0,128.0,2048.0,43116.0
1734255484.327254,9c:9c:1f:0c:88:68,d4:6e:0e:76:ef:10,60,192.168.1.157,128.199.164.18,6.0,1032.0,1883.0,128.0,2048.0,26731.0
1734255493.684704,9c:9c:1f:0c:88:68,ff:ff:ff:ff:ff:ff,60,0.0,0.0,0.0,0.0,0.0,0.0,0.0,0.0
1734255493.684952,9c:9c:1f:0c:88:68,d4:6e:0e:76:ef:10,80,192.168.1.157,192.168.1.1,17.0,1038.0,53.0,128.0,0.0,11972.0
1734255493.747894,9c:9c:1f:0c:88:68,ff:ff:ff:ff:ff:ff,60,0.0,0.0,0.0,0.0,0.0,0.0,0.0,0.0
1734255493.748129,9c:9c:1f:0c:88:68,d4:0e:00:76:ef:10,60,192.168.1.157,128.199.164.18,6.0,1037.0,80.0,128.0,2048.0,62848.0
1734255493.950347,9c:9c:1f:0c:88:68,d4:0e:00:76:ef:10,60,192.168.1.157,128.199.164.18,6.0,1037.0,80.0,128.0,2048.0,62848.0
1734255494.354753,9c:9c:1f:0c:88:68,d4:0e:00:76:ef:10,60,192.168.1.157,128.199.164.18,6.0,1037.0,80.0,128.0,2048.0,62848.0
1734255495.163466,9c:9c:1f:0c:88:68,d4:0e:00:76:ef:10,60,192.168.1.157,128.199.164.18,6.0,1037.0,80.0,128.0,2048.0,62848.0
1734255496.780762,9c:9c:1f:0c:88:68,d4:0e:00:76:ef:10,60,192.168.1.157,128.199.164.18,6.0,1037.0,80.0,128.0,2048.0,62848.0
1734255500.015327,9c:9c:1f:0c:88:68,d4:0e:00:76:ef:10,60,192.168.1.157,128.199.164.18,6.0,1037.0,80.0,128.0,2048.0,62848.0
1734255505.574653,9c:9c:1f:0c:88:68,d4:6e:0e:76:ef:10,60,192.168.1.157,128.199.164.18,6.0,1032.0,1883.0,128.0,2048.0,26738.0
1734255506.484210,9c:9c:1f:0c:88:68,d4:0e:00:76:ef:10,60,192.168.1.157,128.199.164.18,6.0,1037.0,80.0,128.0,2048.0,62848.0
1734255512.953171,9c:9c:1f:0c:88:68,d4:0e:00:76:ef:10,60,192.168.1.157,128.199.164.18,6.0,1037.0,80.0,128.0,2048.0,62848.0
1734255519.422101,9c:9c:1f:0c:88:68,d4:0e:00:76:ef:10,60,192.168.1.157,128.199.164.18,6.0,1037.0,80.0,128.0,2048.0,62848.0
1734255530.505812,9c:9c:1f:0c:88:68,ff:ff:ff:ff:ff:ff,60,0.0,0.0,0.0,0.0,0.0,0.0,0.0,0.0
1734255530.506044,9c:9c:1f:0c:88:68,d4:6e:0e:76:ef:10,80,192.168.1.157,192.168.1.1,17.0,1027.0,53.0,128.0,0.0,23103.0
1734255531.573743,9c:9c:1f:0c:88:68,ff:ff:ff:ff:ff:ff,60,0.0,0.0,0.0,0.0,0.0,0.0,0.0,0.0
1734255531.573994,9c:9c:1f:0c:88:68,d4:6e:0e:76:ef:10,80,192.168.1.157,192.168.1.1,17.0,1039.0,53.0,128.0,0.0,11823.0
1734255532.641734,9c:9c:1f:0c:88:68,ff:ff:ff:ff:ff:ff,60,0.0,0.0,0.0,0.0,0.0,0.0,0.0,0.0
1734255532.641978,9c:9c:1f:0c:88:68,d4:6e:0e:76:ef:10,80,192.168.1.157,192.168.1.1,17.0,1035.0,53.0,128.0,0.0,559.0
1734255535.560525,9c:9c:1f:0c:88:68,d4:6e:0e:76:ef:10,60,0.0,0.0,0.0,0.0,0.0,0.0,0.0,0.0
1734255590.504156,9c:9c:1f:0c:88:68,ff:ff:ff:ff:ff:ff,60,0.0,0.0,0.0,0.0,0.0,0.0,0.0,0.0
1734255590.504494,9c:9c:1f:0c:88:68,d4:6e:0e:76:ef:10,80,192.168.1.157,192.168.1.1,17.0,1025.0,53.0,128.0,0.0,64598.0
1734255591.572082,9c:9c:1f:0c:88:68,ff:ff:ff:ff:ff:ff,60,0.0,0.0,0.0,0.0,0.0,0.0,0.0,0.0
1734255591.572339,9c:9c:1f:0c:88:68,d4:6e:0e:76:ef:10,80,192.168.1.157,192.168.1.1,17.0,1037.0,53.0,128.0,0.0,53318.0
1734255592.640085,9c:9c:1f:0c:88:68,ff:ff:ff:ff:ff:ff,60,0.0,0.0,0.0,0.0,0.0,0.0,0.0,0.0
1734255592.640354,9c:9c:1f:0c:88:68,d4:6e:0e:76:ef:10,80,192.168.1.157,192.168.1.1,17.0,1033.0,53.0,128.0,0.0,42054.0
1734255595.560463,9c:9c:1f:0c:88:68,d4:6e:0e:76:ef:10,60,0.0,0.0,0.0,0.0,0.0,0.0,0.0,0.0
1734255759.272068,9c:9c:1f:0c:88:68,ff:ff:ff:ff:ff:ff,60,0.0,0.0,0.0,0.0,0.0,0.0,0.0,0.0
1734255759.272317,9c:9c:1f:0c:88:68,d4:6e:0e:76:ef:10,80,192.168.1.157,192.168.1.1,17.0,1024.0,53.0,128.0,0.0,48324.0
1734255760.339996,9c:9c:1f:0c:88:68,ff:ff:ff:ff:ff:ff,60,0.0,0.0,0.0,0.0,0.0,0.0,0.0,0.0
1734255760.340282,9c:9c:1f:0c:88:68,d4:6e:0e:76:ef:10,80,192.168.1.157,192.168.1.1,17.0,1036.0,53.0,128.0,0.0,37044.0
1734255761.408005,9c:9c:1f:0c:88:68,ff:ff:ff:ff:ff:ff,60,0.0,0.0,0.0,0.0,0.0,0.0,0.0,0.0
1734255761.408218,9c:9c:1f:0c:88:68,d4:6e:0e:76:ef:10,80,192.168.1.157,192.168.1.1,17.0,1032.0,53.0,128.0,0.0,25780.0
1734255791.103510,9c:9c:1f:0c:88:68,ff:ff:ff:ff:ff:ff,317,0.0.0.0,255.255.255.255,17.0,68.0,67.0,128.0,0.0,53830.0
1734255791.236771,9c:9c:1f:0c:88:68,ff:ff:ff:ff:ff:ff,329,0.0.0.0,255.255.255.255,17.0,68.0,67.0,128.0,0.0,58422.0
1734255819.301313,9c:9c:1f:0c:88:68,ff:ff:ff:ff:ff:ff,60,0.0,0.0,0.0,0.0,0.0,0.0,0.0,0.0
1734255819.301898,9c:9c:1f:0c:88:68,d4:6e:0e:76:ef:10,80,192.168.1.157,192.168.1.1,17.0,1037.0,53.0,128.0,0.0,16333.0
1734255819.364765,9c:9c:1f:0c:88:68,ff:ff:ff:ff:ff:ff,60,0.0,0.0,0.0,0.0,0.0,0.0,0.0,0.0
1734255819.365176,9c:9c:1f:0c:88:68,d4:6e:0e:76:ef:10,60,192.168.1.157,128.199.164.18,6.0,1038.0,1883.0,128.0,2048.0,30024.0
1734255819.427964,9c:9c:1f:0c:88:68,d4:6e:0e:76:ef:10,60,192.168.1.157,128.199.164.18,6.0,1038.0,1883.0,128.0,2048.0,60331.0
1734255819.429540,9c:9c:1f:0c:88:68,d4:6e:0e:76:ef:10,113,192.168.1.157,128.199.164.18,6.0,1038.0,1883.0,128.0,2048.0,57567.0
1734255819.691494,9c:9c:1f:0c:88:68,d4:6e:0e:76:ef:10,60,192.168.1.157,128.199.164.18,6.0,1038.0,1883.0,128.0,2048.0,60260.0
1734255820.502483,9c:9c:1f:0c:88:68,d4:6e:0e:76:ef:10,97,192.168.1.157,128.199.164.18,6.0,1038.0,1883.0,128.0,2048.0,6550.0
1734255820.560088,9c:9c:1f:0c:88:68,d4:6e:0e:76:ef:10,88,192.168.1.157,128.199.164.18,6.0,1038.0,1883.0,128.0,2048.0,61345.0
1734255820.617053,9c:9c:1f:0c:88:68,d4:6e:0e:76:ef:10,86,192.168.1.157,128.199.164.18,6.0,1038.0,1883.0,128.0,2048.0,28664.0
1734255820.863194,9c:9c:1f:0c:88:68,d4:6e:0e:76:ef:10,99,192.168.1.157,128.199.164.18,6.0,1038.0,1883.0,128.0,2048.0,5802.0
1734255821.280598,9c:9c:1f:0c:88:68,d4:6e:0e:76:ef:10,60,192.168.1.157,128.199.164.18,6.0,1038.0,1883.0,128.0,2048.0,59973.0
1734255821.664331,9c:9c:1f:0c:88:68,d4:6e:0e:76:ef:10,173,192.168.1.157,128.199.164.18,6.0,1038.0,1883.0,128.0,2048.0,21578.0
1734255821.923443,9c:9c:1f:0c:88:68,d4:6e:0e:76:ef:10,60,192.168.1.157,128.199.164.18,6.0,1038.0,1883.0,128.0,2048.0,59850.0
1734255824.360488,9c:9c:1f:0c:88:68,d4:6e:0e:76:ef:10,60,0.0,0.0,0.0,0.0,0.0,0.0,0.0,0.0
1734255836.665277,9c:9c:1f:0c:88:68,d4:6e:0e:76:ef:10,60,192.168.1.157,128.199.164.18,6.0,1038.0,1883.0,128.0,2048.0,10696.0
1734255836.924743,9c:9c:1f:0c:88:68,d4:6e:0e:76:ef:10,60,192.168.1.157,128.199.164.18,6.0,1038.0,1883.0,128.0,2048.0,59846.0
1734255849.205276,9c:9c:1f:0c:88:68,d4:6e:0e:76:ef:10,99,192.168.1.157,128.199.164.18,6.0,1038.0,1883.0,128.0,2048.0,5542.0
1734255849.643976,9c:9c:1f:0c:88:68,d4:6e:0e:76:ef:10,60,192.168.1.157,128.199.164.18,6.0,1038.0,1883.0,128.0,2048.0,59715.0
1734255864.207406,9c:9c:1f:0c:88:68,d4:6e:0e:76:ef:10,60,192.168.1.157,128.199.164.18,6.0,1038.0,1883.0,128.0,2048.0,10561.0
1734255864.466902,9c:9c:1f:0c:88:68,d4:6e:0e:76:ef:10,60,192.168.1.157,128.199.164.18,6.0,1038.0,1883.0,128.0,2048.0,59711.0
1734255869.320463,9c:9c:1f:0c:88:68,d4:6e:0e:76:ef:10,60,0.0,0.0,0.0,0.0,0.0,0.0,0.0,0.0
1734255879.207692,9c:9c:1f:0c:88:68,d4:6e:0e:76:ef:10,60,192.168.1.157,128.199.164.18,6.0,1038.0,1883.0,128.0,2048.0,10557.0
1734255879.467103,9c:9c:1f:0c:88:68,d4:6e:0e:76:ef:10,60,192.168.1.157,128.199.164.18,6.0,1038.0,1883.0,128.0,2048.0,59707.0
1734255894.208571,9c:9c:1f:0c:88:68,d4:6e:0e:76:ef:10,60,192.168.1.157,128.199.164.18,6.0,1038.0,1883.0,128.0,2048.0,10553.0
1734255894.467511,9c:9c:1f:0c:88:68,d4:6e:0e:76:ef:10,60,192.168.1.157,128.199.164.18,6.0,1038.0,1883.0,128.0,2048.0,59703.0
1734255909.208844,9c:9c:1f:0c:88:68,d4:6e:0e:76:ef:10,60,192.168.1.157,128.199.164.18,6.0,1038.0,1883.0,128.0,2048.0,10549.0
1734255909.467311,9c:9c:1f:0c:88:68,d4:6e:0e:76:ef:10,60,192.168.1.157,128.199.164.18,6.0,1038.0,1883.0,128.0,2048.0,59699.0
1734255914.280539,9c:9c:1f:0c:88:68,d4:6e:0e:76:ef:10,60,0.0,0.0,0.0,0.0,0.0,0.0,0.0,0.0
1734255924.208914,9c:9c:1f:0c:88:68,d4:6e:0e:76:ef:10,60,192.168.1.157,128.199.164.18,6.0,1038.0,1883.0,128.0,2048.0,10545.0
1734255924.468300,9c:9c:1f:0c:88:68,d4:6e:0e:76:ef:10,60,192.168.1.157,128.199.164.18,6.0,1038.0,1883.0,128.0,2048.0,59695.0
1734255939.208738,9c:9c:1f:0c:88:68,d4:6e:0e:76:ef:10,60,192.168.1.157,128.199.164.18,6.0,1038.0,1883.0,128.0,2048.0,10541.0
1734255939.467096,9c:9c:1f:0c:88:68,d4:6e:0e:76:ef:10,60,192.168.1.157,128.199.164.18,6.0,1038.0,1883.0,128.0,2048.0,59691.0
